1.0,0.10821943689849876,2.5558083084120597,0.20409777066725857,0.9079404408878989,0.09926061634769488,2.6480595598909336,0.2631975634140849,0.884910938380547,0.11141007043077288,2.5182523178196927,0.177176717759637,0.916088415546883,0.09941708597132345,2.6453747290711935,0.26055724514511,0.8854629581002327
1.0,0.09959628978573355,2.66629620775578,0.22394575249227822,0.8986638103411404,0.08984086374572878,2.7737983518266858,0.29854336917407986,0.8713593150436831,0.10096908276957411,2.6497536228605734,0.21123017732507962,0.9023505284771836,0.08976913205526663,2.7739869751277197,0.2994606581399933,0.8709846647513136
1.0,0.09938073508729031,2.6668843620032376,0.2232972515582519,0.8987214725990877,0.08994565856681107,2.769612370937157,0.292892085913875,0.8724116103448454,0.10164792458270726,2.6388892336181,0.2027521302439145,0.9047817174258058,0.08999707731923591,2.7683136956303147,0.2923008858903784,0.8724078011635998
1.0,0.11293087292220577,2.5400492713881575,0.19194271305355715,0.9122116622296071,0.10356447200561517,2.6320824040879844,0.24600674025073083,0.8897663755131597,0.11648705933602578,2.4998915068722027,0.16503679372086708,0.9208099840279524,0.10457837815285867,2.622049079327271,0.23940239845740646,0.8922012659117861
1.0,0.11248279773125198,2.5480141421637317,0.1973295479066098,0.9102695853635937,0.10279951217139424,2.6442745421419027,0.25636619279442124,0.8866042652957755,0.11527371386805699,2.5157170147705012,0.17439337373911762,0.917198998158533,0.10380215646969876,2.6339198175741365,0.2491356523062388,0.8890929096716989
1.0,0.108686623915712,2.592926479549508,0.2210705390225706,0.9025070669554657,0.09887522303100442,2.6946357325621872,0.2920161940548359,0.8769260670111299,0.11021966377770588,2.5745802874467905,0.205460792413742,0.9064578068151642,0.09891786038441164,2.6936685197525114,0.2911830869151919,0.8770839096574272
1.0,0.11059442758754892,2.5731235976215165,0.2085973575995216,0.906389663573391,0.10133994925848722,2.666653440412178,0.26829118062004836,0.8830761695129841,0.11277135059682522,2.5482797087462634,0.18947718080252554,0.9116780190515434,0.10083904957266013,2.672004999216851,0.27378735963624806,0.8816270129845206
1.0,0.10615235393859941,2.602692294780935,0.21619364245596512,0.903771054212991,0.09669240741753678,2.701922763027377,0.2825610794268634,0.8788891134737257,0.10836954470957977,2.5755377279903406,0.19459177004463957,0.9096352899996004,0.09692701945768552,2.6985955905194077,0.27912797187093574,0.8796645811869621
1.0,0.10938846775338099,2.583433955670948,0.20789768558763513,0.906606265774274,0.09960507598612375,2.684832613633397,0.2746118327424288,0.8815721505879841,0.11169426441974192,2.55677393882374,0.18788026857720658,0.9124982416327312,0.10027335007224303,2.6764096423779473,0.2664144346855028,0.8836763776412017
1.0,0.1103273779158152,2.578300443667499,0.21512444436224185,0.9044539322869881,0.10075340843803979,2.675160894849984,0.27959066355707846,0.8801401882288485,0.11227639266185542,2.555384844180594,0.19643299750906354,0.9093224441288044,0.10054043100462368,2.6772938445454972,0.28182017143027616,0.879522624787953
1.0,0.11404181243891569,2.5365709684205733,0.19355437081152416,0.9114539730734114,0.10472280167673685,2.627813626996307,0.24733761483746317,0.8892169043425195,0.1172482250608739,2.5009464297394675,0.16921019125952602,0.9191029670364154,0.10507200543159642,2.624363025198629,0.24584862951293035,0.8898964695814766
1.0,0.10904190962407416,2.5724714204473087,0.2075466550761093,0.9044207238531532,0.09938766865602637,2.6691374996468418,0.269090137073761,0.8797249593716551,0.11190183469037046,2.540684957840902,0.18589160418773287,0.9112689125041418,0.09917404468887782,2.6710722573462076,0.27078564539515776,0.8792374608909415
1.0,0.10743424855198958,2.5889415699580627,0.21150686493918044,0.9032168282909668,0.09753908132748554,2.6905395043255598,0.27829609816464346,0.8774833429191041,0.11066596271857991,2.5527122443947463,0.18673876920610655,0.9112810458220312,0.0983209496537128,2.6809607887156583,0.2697954296823114,0.8798680123697643
1.0,0.1113482609204144,2.526086894433767,0.17301265097009272,0.9170365046383603,0.10262866620193103,2.612237775317837,0.21893164474251725,0.8963855264334449,0.11288506021742944,2.509690885728905,0.1634045058820627,0.9203358422319732,0.1003362904579724,2.637743983509169,0.23737710089353758,0.8898195953010164
1.0,0.11259973284810122,2.5263603249380773,0.17557020301971024,0.91592096758343,0.10244432509243853,2.6269308771916906,0.232406672843598,0.8916446432255192,0.116790554673684,2.481941297409356,0.15162057303869583,0.9255877198945264,0.10538966020684293,2.5958795589603127,0.2116270982532194,0.8992815382174207
1.0,0.10540250984589797,2.598835930735151,0.20710075770186367,0.9040723541773914,0.0960262406401375,2.695798485140543,0.26825656739660986,0.8794473049717785,0.10755300215920001,2.574323649268682,0.1903592590080648,0.9094202849631403,0.09514398749990689,2.705537443383963,0.27664160150219863,0.8769687925222881
1.0,0.10640136285460232,2.58554389452142,0.20086297248475668,0.9066402328908444,0.09803227208020315,2.6701768243541766,0.2505251920667725,0.8854124104083928,0.11079662747813022,2.5368452932500856,0.17028540952474905,0.9173246522637769,0.09716425080946609,2.679851730712362,0.2584631836718708,0.8828396648837574
1.0,0.10998894042491714,2.561858965223433,0.1934921023914774,0.9095087539843034,0.10057095100062531,2.6564406419859927,0.24976994540746889,0.8861302581886944,0.11406163729302453,2.5176796763098555,0.16633983401977945,0.9192822408882156,0.10117108373140539,2.64929316433479,0.24385154673698672,0.8879105036312005
1.0,0.10796120187836673,2.5721397651429143,0.20225846326471467,0.9058003460912439,0.09759491991734981,2.6789371127031427,0.27134970988491214,0.8788066562554432,0.10969566853547796,2.5526950817525664,0.1891604958443288,0.9101314416540596,0.09810473124383182,2.6724809791820547,0.26570066222265765,0.8804997751604209
1.0,0.11383804049831306,2.517896160454409,0.20078521402457447,0.9072287163233077,0.1038238869818902,2.61497448793841,0.26207907063263797,0.8826143289490307,0.11767322087505436,2.4762479867459266,0.17387715182380947,0.9164914634960846,0.10501536879738751,2.601328735451933,0.2505822383592992,0.8860818880007276
1.0,0.11473474907796591,2.5156665360322337,0.19054537271656766,0.9103491607274385,0.10419835209286363,2.6171302664981826,0.25244711249783286,0.884925033443947,0.11759451449874805,2.4853390102281536,0.17202228278294332,0.9169897700696373,0.10545134129463954,2.6032223125117326,0.24124753766230922,0.8885553793053103
1.0,0.11062939620180161,2.5505567812887326,0.2134189986498235,0.902517282123375,0.10058926866610905,2.6481995429278538,0.27744965452688136,0.8771285109264684,0.11367698644667448,2.5168452578996736,0.18952758527141345,0.9099002881913365,0.1008955749104036,2.6446615226795878,0.27421551518853665,0.8780867363942217
1.0,0.11177987678778799,2.5334047859755686,0.1955486556802979,0.9088864006529334,0.10245464822224402,2.6231062456454772,0.2486782798014264,0.8862613859516922,0.11688040464602356,2.477804351255413,0.16169198707672577,0.9210083832939755,0.10349469266347484,2.611849035884616,0.2401998131194292,0.8890346153562191
1.0,0.11097508006113352,2.54361597058015,0.20430915962293705,0.905801040480368,0.10171948106021282,2.632730830335941,0.2585979362655692,0.8829827620342033,0.11550849937549579,2.493750052444468,0.17192255283991414,0.9167366170754077,0.10193189837840565,2.6303040593580533,0.2568275739576275,0.8835886903196938
1.0,0.1069417451332304,2.5924593925304866,0.2269255429991184,0.8981055442666436,0.09689305084238617,2.6944612538758452,0.2983765473132314,0.871506513099454,0.1088956779541154,2.569538615979767,0.20888344082176247,0.9031223201138351,0.09671388953951254,2.6961102842589812,0.30006773861789626,0.8709645688144282
1.0,0.10782936535558678,2.5789409422488454,0.21443841283345982,0.9019611377221035,0.09808066474351193,2.677092529259473,0.278958297695461,0.8767531920934543,0.10963503054371714,2.558245262965095,0.19944732347645944,0.9064857907917154,0.09725761083419758,2.686509279372273,0.2882289369477352,0.874202767986315
1.0,0.10995248381515677,2.5582662742595326,0.2108611383407009,0.9031882536781384,0.09977407609986477,2.659145312576028,0.2772241674922317,0.8772221539718668,0.11223557390428879,2.532773551796691,0.19276433829876438,0.9088334493536234,0.0998175629564401,2.6580625790231536,0.27590215820771635,0.8775517934429562
1.0,0.11862566143320062,2.4788653607356976,0.19088553708053585,0.9109706716806181,0.10991493442584672,2.5574357429316272,0.23526476918877318,0.8912825119782825,0.12392231322021285,2.4242300731040345,0.15768675857646683,0.9229301310283837,0.10908949518038137,2.565737854731835,0.24152783539153527,0.8891740616165351
1.0,0.11856135248052345,2.483619217048092,0.19349364368900315,0.9097333825877139,0.10824292540332335,2.578207057285325,0.25084634727578137,0.8858132519264162,0.12231859766132683,2.4451799203708893,0.1692234474807015,0.9182678057917149,0.10944063972918278,2.5670051175494266,0.24306692894599027,0.8887042079218377
1.0,0.1247834465549115,2.412647849897888,0.1638833145295035,0.9208286981627252,0.11481078879870278,2.502549429734964,0.2122304784310665,0.8990745132075637,0.1301232308940589,2.3588794682181606,0.1367834704170469,0.9323535081195089,0.11783688665060875,2.474368599358529,0.19494406418293786,0.9061991625272503
1.0,0.11449812698689091,2.5243353416031606,0.22208671648140263,0.8992398311051335,0.10456798720678054,2.62062244557155,0.2886331947288302,0.8738201174247276,0.11710143484441038,2.4954746053882477,0.20083545021826513,0.9056446663706396,0.10402021943722688,2.6266331378517447,0.2945616150452966,0.8722675168328732
1.0,0.11817255392297646,2.4736191988492937,0.19825178328123755,0.9078495710288651,0.10878097382493714,2.5592035317160313,0.24985852134005426,0.886043249292116,0.12367974248761723,2.4168512261591304,0.16321699200927314,0.9204861431567635,0.10918000267562443,2.5551595777029013,0.24710041018597015,0.8870098930512903
1.0,0.11770384734403316,2.484396355719198,0.19429796980289898,0.9091203212151208,0.10845786615639282,2.5709729429898083,0.24595308589992174,0.8872828583335558,0.12313110734936421,2.426612123258446,0.15963496066293445,0.9219551872348128,0.10923156003484898,2.562762995972404,0.2399446465947488,0.889250831052332
1.0,0.11511859584822114,2.506283955763602,0.2062921930197718,0.904470333135757,0.10497891499992366,2.6027872169353503,0.268861181007809,0.8795634200111841,0.11758300872379183,2.4802691167216437,0.18882770303598292,0.9101283864602353,0.10440714851689399,2.6085416269842256,0.27387477922506626,0.8780836663028857
1.0,0.11325008485262847,2.5332524178867795,0.21397548412155284,0.9016356980710134,0.10323120916852181,2.6319142772614366,0.27995290751462315,0.8761445639757247,0.11492343866798699,2.5147510349851903,0.20082897624978427,0.9057021517135703,0.10223975069525315,2.6432057154475053,0.2911943419945279,0.8730553402261945
1.0,0.1122297278166176,2.544386975324258,0.21482211885253485,0.9012313602572045,0.10140548656938882,2.6536774156322283,0.29114346286876075,0.873027852368256,0.1132522695016728,2.5333529108360002,0.20709546945520013,0.9036366966276643,0.10146243189475652,2.652447887329125,0.29010352437391496,0.8732485049822267
1.0,0.11160890265206712,2.5537035518057047,0.2223545169265295,0.899038305443116,0.10096433012839899,2.6613748539617883,0.29950891621988757,0.871062375511181,0.11315657227457826,2.535954787587189,0.2090370434310799,0.9030088480864342,0.1012664502063562,2.657235016323188,0.2957221216502936,0.8719430873836217
1.0,0.11219455391713687,2.54593318901503,0.21705869569238168,0.9007065911826106,0.10147331868269514,2.6541605989362265,0.2932741418946354,0.8726774579272017,0.1138191103544126,2.5277206881566414,0.20385178003304802,0.9047769250898379,0.10195269355497534,2.647960738215139,0.2871720387442999,0.8742796081993491
1.0,0.12137573678016546,2.448539448244787,0.18520069235084868,0.9129411287114759,0.11278355502205682,2.523960814181564,0.22672116180787724,0.8941045865248257,0.12636712217032153,2.3985869711552597,0.15550279613781537,0.9238895252849967,0.11128713888159965,2.5391192673693714,0.23824482125662028,0.8902456086064393
1.0,0.11910678871013071,2.4741514528610615,0.19504064401575824,0.9088272527818955,0.1078349359990549,2.580077828146789,0.26335914318318765,0.8819094362675176,0.12118292532719505,2.4533122923451405,0.18153662724739206,0.9134948074493294,0.1091302939573953,2.565438290278274,0.2509759348673183,0.885728333471598
1.0,0.11872096325798379,2.4799869562114982,0.19801519411101035,0.9084310265796542,0.10895953889488673,2.569241618483014,0.2522930875080105,0.8856918731413654,0.12338799163915938,2.431747692424663,0.16704827114213144,0.9190787353043892,0.10960081347581353,2.562707708251642,0.24750058221908686,0.887368744299898
1.0,0.12341428700400733,2.4260275828105327,0.16837049401668303,0.9188265545271816,0.1110641687128829,2.53962135437514,0.23450875163362467,0.8910465295060241,0.1247122072201714,2.4123607706887205,0.16084004365304472,0.9218084578987545,0.11470367713646977,2.5028573284680573,0.2091178322778868,0.9003458519599612
1.0,0.11941402282925703,2.473683881340243,0.19838009630026956,0.9079622304334434,0.10876988101594502,2.5720146682496443,0.260791212034054,0.8827521798101808,0.12276894675342513,2.4395188968682286,0.17594049806397508,0.9153967615385065,0.10994634998238949,2.5593356395957807,0.25045604270947985,0.8858999564427321
1.0,0.12130447977141987,2.449107367923412,0.18406568085276914,0.9134600952123625,0.1116583878186981,2.5360452432884544,0.2343421610415295,0.891782536479058,0.12715258502709625,2.3899033067610844,0.15004493242410039,0.9263648619710956,0.1132259874367491,2.5198295441984224,0.2223458653502439,0.8958010355265736
1.0,0.1254904792833736,2.432155519442083,0.1754250127927696,0.9166016949700356,0.11531229573614935,2.522213820205036,0.2256216330642161,0.894528815343727,0.1303444831426788,2.3839337275239445,0.14846212420154378,0.9270480420817205,0.11721449612733321,2.504829759469405,0.21406019971907003,0.8989325832944914
1.0,0.11471490072640232,2.5274400273815547,0.2196439910974655,0.9006802845895635,0.104028884835574,2.6305525646599874,0.2919528264163803,0.8738921054827976,0.11624597805697946,2.5106651072101323,0.2067767035785632,0.9043837716329293,0.10388980200366475,2.6315780617336983,0.2931982857434917,0.8735143780279981
1.0,0.11673931536602743,2.4872463988684093,0.1913596401995057,0.9099637403625394,0.10597436842424711,2.589542749669314,0.2548099082626236,0.8843890535860134,0.11719267960313816,2.483447254653825,0.18906639208819384,0.9108489790453265,0.10498915054322143,2.600959530795914,0.2655099425906155,0.8814517945195305
1.0,0.11978166510898508,2.44385936719152,0.17339859187058038,0.9169665979383312,0.10886381926045037,2.5451471327545545,0.23178355773211995,0.8921305366035976,0.12371757727989921,2.4042192440534915,0.15227313364737216,0.9255614424571521,0.11222776557445813,2.51073392569703,0.2087496524223359,0.9005599759295199
1.0,0.11513590725068516,2.500640177368447,0.19995114086842858,0.9075538566797565,0.10552920804416298,2.591188813548499,0.25573968574122513,0.884490981569826,0.11968220121172497,2.4519507227522572,0.16907570227143814,0.9182185918090473,0.10601796481489005,2.5855517054246473,0.2511720507702753,0.8859743598855788
1.0,0.11253136574581195,2.5330577715452103,0.21265443801209624,0.9033822801390429,0.1027425054686156,2.628709115625128,0.2760066916842926,0.8786965341631692,0.11585718079652493,2.497613229731482,0.18875872444323882,0.9112514915459067,0.10302726476982293,2.6270605494797574,0.27572500634254565,0.8793681473649545
1.5,0.06711632048246735,3.0571417931840115,0.325684875555638,0.8745376066387476,0.059596551501499444,3.1804524292723486,0.44904120214731474,0.8422733706941471,0.06920241548671409,3.023059753470697,0.2913693522332105,0.8816948725896294,0.06105010833032164,3.1587620974657353,0.4267295491546703,0.8478729330787663
1.5,0.06313024962602228,3.116265923624135,0.3714556322094192,0.8624823046371493,0.055643915379609055,3.249988938541613,0.5325250593185079,0.8273332486981259,0.06329974888847238,3.1159083150424043,0.37460254457789716,0.8626815517612759,0.05558444632892781,3.252342657740621,0.5394238833246052,0.8265124624618156
1.5,0.0638634302639335,3.1201208018559967,0.38376096633189694,0.8599583127227584,0.05639455227716392,3.257243897627043,0.5575397044123227,0.8238098031247698,0.06386572527715281,3.1234000508333586,0.39316241028929394,0.8593614011231743,0.05639461492280484,3.2579194753421223,0.5616428746366862,0.8233894963303524
1.5,0.06396518452860754,3.1058183496792666,0.3570850364670994,0.8648155800588513,0.05632149812977684,3.241670173686141,0.518947964607555,0.829368910716896,0.06375305552735758,3.1144941335283645,0.37525603003921354,0.8631062317043852,0.056056853080851496,3.247447221660229,0.5318535319479668,0.8277330460554986
1.5,0.06295866694009215,3.1290300704192933,0.38577066417593,0.8594099545345598,0.055498127870313003,3.264804302520181,0.5565724613956563,0.8235916384537433,0.06302231438619746,3.1307207618363146,0.39295077317680704,0.8591200562528196,0.05539419099367657,3.267647721021448,0.5648840291272202,0.8225795020577813
1.5,0.06253601763097619,3.132886766479949,0.387041001596784,0.8595268627816528,0.05491711865991743,3.27125387654678,0.5646999391994443,0.8231603701765238,0.06244404213869926,3.1378815347153877,0.39959044442252184,0.8584935646403512,0.05492198614464538,3.2719650598059875,0.5688135165177153,0.8227101856788137
1.5,0.06264201508602396,3.1313303101753864,0.3843718596062912,0.8594403701619792,0.0551156501217258,3.27013375648326,0.5610291644545168,0.8229559500604001,0.06257102230341427,3.1367806510527427,0.39791029545959,0.858387451542229,0.05510929315613923,3.270732195491758,0.56551986402014,0.822564803179765
1.5,0.06320886648036622,3.1317391572037123,0.39364307248414016,0.8580182622928234,0.055712445288609816,3.2718224400134455,0.5775765979456703,0.821015284134135,0.06312884263610152,3.13732613439121,0.4071773189138531,0.8568889504874272,0.055776501883278484,3.2707822233720965,0.5782185229157651,0.8210178592830304
1.5,0.062409151406611296,3.1361701766788475,0.38882443696401364,0.8586304502835386,0.054928892154379835,3.27533229865509,0.5691272711266129,0.8220644115820905,0.062286293863686636,3.1429675309981175,0.405323374725627,0.857319475259826,0.05485878615477187,3.277270885344834,0.5758836335805617,0.8212827378162134
1.5,0.06312389475307228,3.1230834907694285,0.3730420897528374,0.8615258964667103,0.05572916331852472,3.257874606024204,0.5364074449728765,0.8260761538021035,0.06297828822727598,3.129386276931318,0.38657183330456,0.8602706838295497,0.05537452630004337,3.266309322426316,0.5554305333805222,0.8238291877064908
1.5,0.06793055360600202,3.025193751042412,0.2849448369615478,0.8784825485444427,0.05975990686748793,3.157576966735826,0.4040861025903563,0.8436205710828706,0.0699023742186744,2.9954763923570984,0.26307988260537174,0.8848120625789337,0.06200325986808052,3.121893112978346,0.36774514738410763,0.8527477104423882
1.5,0.06278526536154076,3.107054156168225,0.3452525724255707,0.8627528982576022,0.055019002851818356,3.245324947442356,0.49465503220378837,0.8255149741675533,0.0635125689107947,3.0935221467165177,0.33164136680888834,0.8653802897178807,0.05572460339756997,3.232178948713003,0.4778521238296162,0.8287463979470815
1.5,0.06133303333617484,3.1312190070020938,0.3649664613658361,0.8579484575906358,0.05369333595560306,3.2737116088845366,0.5323314102822552,0.8197152285822126,0.06117923817616292,3.136681305168824,0.37511475879843115,0.8566861070775194,0.05362866935531255,3.275951764285821,0.5382205920002135,0.818989148469762
1.5,0.061114985104456544,3.133576863090118,0.37067219067699964,0.8563602630623963,0.05347250468679204,3.2794374799899706,0.5478708203665441,0.8172064544848083,0.06089228617195525,3.1412911423364416,0.3856759593804723,0.8546291222585246,0.05356267128180557,3.2776577803754448,0.5470295417309433,0.817405629903017
1.5,0.0640627311235985,3.080527683573664,0.3248034075005703,0.8678582912908572,0.057080751721048054,3.199746638308127,0.43724803751117486,0.8354906394813115,0.06571295228713518,3.048736724691248,0.29208495696352377,0.8746132404935908,0.05700217141323175,3.203190292556161,0.44455481959842325,0.8347361074416072
1.5,0.06232603263644697,3.110172189604473,0.35019952096472917,0.8610952372930443,0.054566600506206875,3.2541029484009916,0.5134376011078082,0.8224979024190624,0.06243913547516365,3.1096318919940167,0.35289024157150967,0.8610200685571231,0.0549766326686838,3.244776675751722,0.49990537253503164,0.8246689066622898
1.5,0.06309604882563627,3.096775181400788,0.3392526094167114,0.8643850581924016,0.05593010872548744,3.2236117616206603,0.46845575146502977,0.8299503442806594,0.06424987636851082,3.0740668688859882,0.31474677534712797,0.8690080782935521,0.05596784705402984,3.223564921119219,0.46988260258445913,0.8299878508580624
1.5,0.06081304517366437,3.141186526297845,0.37362716629367254,0.8558403122235364,0.05315078011220509,3.287087263348703,0.5517200574995795,0.8166985232878301,0.06051392675727342,3.150460038659421,0.39022099353836276,0.8537097750351155,0.05312658252966175,3.2877159678843744,0.554809268419072,0.8162987509145768
1.5,0.0650454447146449,3.0621166341071513,0.305542891227551,0.8727207313446844,0.058121896788900757,3.176924726826059,0.40608064141001177,0.841968150585576,0.06701434395033433,3.026052392824496,0.27089673711988554,0.8808476224341799,0.05787050549869672,3.183143456127693,0.41473610577801073,0.8405717957844803
1.5,0.07172444954597362,3.005981437785209,0.3383172730131136,0.8635073418807602,0.0637592375730242,3.1241936260822265,0.45628955032951546,0.8317339997059388,0.0727016059815796,2.99510059690586,0.33252460108022786,0.8662332601347903,0.062329015524520755,3.150140577273792,0.5032206101162657,0.824423400718682
1.5,0.06691116687863721,3.087343803931677,0.4293852226558405,0.846642311327599,0.0588447429710004,3.2175231262622,0.5995155998868634,0.8106882899927009,0.06859724808499361,3.058635448172438,0.3915681184797892,0.8532369202863297,0.05897515187947936,3.2139614345155647,0.593955436515532,0.8109214707213759
1.5,0.0704852650231174,3.019244707391846,0.34424309961097643,0.8631408144216279,0.06117729132285132,3.16158252692699,0.49956109045067415,0.8249839875917853,0.07219957645649441,2.9921860559609397,0.31566908464251375,0.8692512273317832,0.06332203123223595,3.123007890788516,0.4419754791907843,0.8344280132417478
1.5,0.0728852872801826,3.005848681873753,0.3589797535156996,0.8603671119119161,0.06468540760591608,3.1274954758569824,0.49503377333241555,0.8273017626509964,0.07425275724009443,2.9871168249098274,0.3433530840752707,0.8646923277072182,0.06381956929837365,3.139891774328693,0.5147451946400228,0.8234987036856113
1.5,0.06855747791639313,3.063073810441266,0.41279215294603616,0.8502819623698703,0.06046071771383802,3.1891036903092287,0.5687790574734455,0.815381184268317,0.0710218846579755,3.021749283331046,0.36051626815794036,0.8597893297491087,0.060839622700304456,3.1806469956544015,0.5524801608027059,0.8171268927284788
1.5,0.0684295474353324,3.069402133843298,0.40358552043452245,0.8513461760502692,0.05998900301338953,3.2015750417780158,0.5660076869108287,0.8150624565038673,0.07042572294052904,3.036007485204381,0.3617773047327792,0.8587675053378854,0.060787460094930953,3.1861685274530176,0.5406241681552023,0.8183896310329236
1.5,0.0679773186224378,3.0713449175325107,0.4054171984143132,0.8516305772114494,0.06025794594694976,3.1889569759465046,0.5374344324175271,0.8189206174321882,0.07051275167414993,3.0252913772704932,0.34302067662219154,0.8619912791672341,0.05998539232970136,3.1937685461467455,0.5464038826631771,0.8173243374469652
1.5,0.07051213241885784,3.030841124807745,0.37514457370793025,0.8567049979295752,0.062016621513856965,3.160241442456454,0.5263271338146447,0.8212370245232224,0.07244740484552313,3.0007234808535137,0.34273613029324,0.8637083381511302,0.062439796942651,3.1505343099737466,0.507137840262826,0.8235272337083754
1.5,0.07367028951824169,2.981270615929183,0.32635587943354244,0.8692576869706129,0.06542404256358025,3.096629261584234,0.43155689893578597,0.8378087814812742,0.07869043314059866,2.9029079589578237,0.24982119515623843,0.8866994094340666,0.06738456547983794,3.063645648690923,0.3885259554078381,0.8461306457018254
1.5,0.07142887076199089,3.017724168290486,0.35161836240220484,0.8639576554199732,0.06350501524209513,3.1328986363103852,0.46730148911637687,0.8322270890389385,0.07567035454604877,2.950084611821466,0.2808122364169974,0.8786040102312473,0.06477903483207252,3.1117329122466963,0.43815715498113195,0.8375914168156529
1.5,0.07654286957678734,2.932038595962761,0.283840805543739,0.8773020107903996,0.07005037505749782,3.0154824787644725,0.3419113483654425,0.8547597625215525,0.08395693483397113,2.831079069393414,0.2075429439909242,0.9006291102048358,0.06914300150291637,3.0266903572766446,0.35270250258230806,0.8518938835928026
1.5,0.07975018202897587,2.893338597734943,0.25923337402358804,0.8846875488024615,0.07176843318822913,2.9945233152294497,0.33156808463449633,0.857866531473039,0.08779964616399133,2.7915351462605194,0.19052041458061014,0.907766647082482,0.07431785360442067,2.9593488351041906,0.29913911748306204,0.8670644756483737
1.5,0.07747383957030583,2.9287424119794876,0.2849174018655866,0.8783887813689513,0.06934330486907286,3.033463561532097,0.3648300818359904,0.8501329623407785,0.08408406799921818,2.839312074135407,0.21520311305398673,0.8985954021882037,0.0716307441537428,3.006166541243445,0.34130272609584983,0.8579214377932057
1.5,0.08137664214826311,2.859298945761428,0.23562624459775217,0.891935817554949,0.07248092772609366,2.969551451876011,0.30992364199566125,0.8632217619813564,0.0884161837207781,2.771050255629903,0.18040429933163976,0.911910956157298,0.0768893363976653,2.9137569249962847,0.26503877105017815,0.8778179538589386
1.5,0.07406441786301794,2.965063370281147,0.30627331212507947,0.8720195401076635,0.067738272900879,3.0472683088018484,0.3645248070813873,0.8495360013429623,0.0821792052255315,2.8490948522772834,0.21247233149184896,0.8986149968677767,0.06718096589724858,3.056293007136348,0.37658632056115676,0.8470314174009517
1.5,0.07689681568205198,2.9305870928366096,0.2843443474454535,0.8784991186045706,0.06975336672574473,3.022443061425709,0.3507162123481942,0.8536569060959092,0.08513785302705193,2.81936567730887,0.20048685784398348,0.9037017215224995,0.07087160370143232,3.007398779319529,0.33746674837134755,0.8576797461477734
1.5,0.0677471729232805,3.0618599258182786,0.3688694890906961,0.8538905217049687,0.059719980871034965,3.1857319197096032,0.5007594480416585,0.8202428645567194,0.06913118520385149,3.041129367453302,0.34852023577576663,0.8588952971751089,0.058665553566234936,3.205038607013717,0.5358702076585263,0.814221769239605
1.5,0.06647090840463103,3.0799660964855233,0.38450109740383853,0.8507302450495613,0.05862419428274716,3.2030425345512232,0.5190911970555481,0.8171550050786388,0.06800810095680009,3.055145619518264,0.3569213659456927,0.8566374497495598,0.05761638429961366,3.221911344642283,0.5547099770342419,0.811210461139104
1.5,0.0695249136362908,3.0276072691921727,0.34350682178284975,0.8605431938500202,0.062335078909288466,3.133451820916081,0.44073133038660967,0.8321518960026623,0.07205028316409749,2.9866388998819176,0.3015061225244779,0.8702865734045384,0.06071651695706197,3.1612455233990784,0.4822997303175068,0.8236769478490088
1.5,0.07471520062642734,2.9375998434642,0.2702746129801914,0.8802614941984964,0.0653595525255309,3.0681048279255028,0.37604931451556,0.8459262054822657,0.07944735900444824,2.8707779007219103,0.22117195785138233,0.8957391322212296,0.06957898064259513,3.003145406225778,0.3106754196236624,0.8626966712085211
1.5,0.07249205787970865,3.002532238682405,0.3271408622634879,0.8651244937550127,0.06378549304783959,3.1279065019206045,0.4485738850861025,0.8313431448169205,0.07376801783210167,2.9842924827226622,0.31109206599748424,0.8693957038991423,0.06318628573276243,3.1364399915069656,0.46133544908267626,0.8286555018932898
1.5,0.08185138116133592,2.833823848580718,0.2316859174727653,0.8937812493698485,0.07488191130430165,2.919067829650955,0.2855271011903324,0.8714338294382207,0.09087684053107684,2.7219433412436245,0.16468511850445167,0.9188966583330427,0.07661629524462359,2.8957512703209494,0.266978653354426,0.8775461409602777
1.5,0.07057597813437869,2.99843029243285,0.3351987657289413,0.8651944468820832,0.06327002477988619,3.103360396966844,0.4282569250922822,0.8363204029263626,0.07622697741095691,2.90693436313999,0.24849703738870932,0.8860148217260748,0.06395285628154365,3.090818847760136,0.41254275291994164,0.8393267482630092
1.5,0.07136149744487467,2.99521040719518,0.3181853841838215,0.8663399693852131,0.06386798046112031,3.1055510753972095,0.41693963446123355,0.8367614662023692,0.07240304990351154,2.9816808719608336,0.30715227082151575,0.8694757799403222,0.06151875445380242,3.1467818314295757,0.47783871024191416,0.8253990490832245
1.5,0.06776352858788864,3.048477430055016,0.36494079876202984,0.8557055961047508,0.058951167853833614,3.1892866046393054,0.5245411994106346,0.8175594281421792,0.06883877138757968,3.03149588991317,0.34787669248033143,0.8595387623174607,0.05947472365324401,3.178323566827828,0.5083200090410667,0.8196867190039759
1.5,0.06767446690350606,3.0607180650936274,0.3831081497647979,0.852657031256776,0.05900945080745123,3.1983852190468482,0.5429310739712339,0.8151546736763325,0.06901159590172617,3.0383816649480275,0.3579195902286235,0.8575784083740138,0.05953622797841999,3.189056910275793,0.533261650298364,0.8166894617423287
1.5,0.06907388360510282,3.0277354390392057,0.3491791820025768,0.8592990516687921,0.06163048966670008,3.140658336428384,0.46018457867574114,0.8286211610493992,0.07037564031333268,3.007716518704012,0.3292516246578045,0.8638340254807133,0.05961124898783526,3.1765779486225445,0.5177890768838322,0.8184906763218646
1.5,0.06693612798656821,3.0711766465114256,0.39235963403431556,0.8505232055297568,0.05852084909516667,3.206211045702207,0.5517496599000257,0.8135502559703193,0.06836185010143093,3.046998594089164,0.3641903994130267,0.8558892478197796,0.05869778030104038,3.20258850943121,0.5494089888459852,0.8136738709993018
1.5,0.06777591502028468,3.0486567606783996,0.3676656586580848,0.8548749354576712,0.059341887581316956,3.1834042355410554,0.5199350196474368,0.8183356084720245,0.06866531526627173,3.0363307273827127,0.35716552704269133,0.8577407635431311,0.058984437553778524,3.1889452804290204,0.5309302299944628,0.8161077033330534
1.5,0.0704442945871551,3.0051957912519325,0.33064862423782826,0.8644575849538413,0.061591474638090185,3.138916178864527,0.463487173565118,0.8285811321748967,0.07138309236960604,2.9889393638226576,0.3122382667028385,0.8681505750506072,0.06162081088190421,3.1378440429175596,0.4624399115597448,0.828447557912232
1.5,0.08047506704269697,2.8770306449463123,0.2577391631370954,0.8853893468547464,0.0708069648519447,2.9993451897015997,0.34958484560613656,0.8530082359412181,0.08500892042227096,2.8156116386729275,0.21277075061040274,0.8991697256340847,0.07490294666490654,2.946028710730269,0.3023004071640584,0.8670963397804878
2.0,0.0941615572443578,2.7269099092065052,0.27575352368855893,0.8755202906084706,0.0813704697375842,2.872872831763389,0.4038909888519982,0.8364294495111745,0.09252556822804207,2.7527576676765806,0.29951880691241106,0.8703267035229828,0.08059245332168588,2.8843753846192435,0.4180740847866713,0.8335308978236524
2.0,0.08899611778457812,2.7947922527085107,0.3274337497225442,0.8610918014751521,0.07853057955889067,2.9165797577119803,0.444601150438705,0.8269976910918159,0.09080456990557284,2.777056886716301,0.31062670698701006,0.8662680784458539,0.07716958347443517,2.937180495667829,0.4731730944090704,0.8217393944624962
2.0,0.10220719224642569,2.664506041936447,0.25413262695143907,0.8854460417396951,0.08769783916794341,2.8152987751693863,0.37714198228620094,0.8452125152274452,0.10034590129443752,2.6833166377119655,0.26602040061405297,0.8807692952277747,0.08928947604855045,2.79788787545597,0.35832595650251026,0.85016497866227
2.0,0.0850739993280249,2.841737511038724,0.3652098953066811,0.8521628537290085,0.0745126695211931,2.9724401158209584,0.5091750096227073,0.8150874321952799,0.0871419532607945,2.8187631239125968,0.34005747498474137,0.8586385633610204,0.07437511462907015,2.9757238958491166,0.5146469825093754,0.8143387359004756
2.0,0.09438409446501868,2.730179129344652,0.2870798856882135,0.873479435630096,0.08362447910513249,2.8485728529313588,0.38709324547998714,0.8413465690104046,0.09471498501573367,2.7288435275136464,0.2849690353327045,0.8741547536150532,0.08096350845752645,2.8819326064812825,0.4264804727071649,0.8321178657838939
2.0,0.08926492042515302,2.80387036590638,0.35055653007620774,0.8562154618528139,0.0780729853544277,2.9360662708644742,0.4913276915577885,0.8188127407522261,0.09153693485532989,2.778205841485389,0.3227235035542321,0.863066590689162,0.07860122239959762,2.9299564332249206,0.4821823228803196,0.8206253296854765
2.0,0.09142078972559795,2.765451386017145,0.3236515648506674,0.8636364241846487,0.08247590448458192,2.8611617472536928,0.4054693980945458,0.8360834802208091,0.09773150953804692,2.6924892638635884,0.25811955536648973,0.8812934659501992,0.0811071033058868,2.8798718099846323,0.42868831840711935,0.8311489379892067
2.0,0.09772544383851817,2.7097455581255763,0.2897674303894247,0.8731872847731691,0.08455782570138878,2.8529191414817103,0.4199300165334031,0.8339441544764304,0.0989979669798802,2.6977425156869446,0.27804344609466036,0.8765296852863014,0.08727894233070864,2.8229771377682926,0.38692156697531555,0.8425234262510344
2.0,0.09170711814217873,2.772892077965688,0.3268914007201521,0.8616257858078642,0.08029045488787585,2.9052043059389394,0.4587544897937626,0.8248060299267319,0.09276531311508458,2.7643788387923336,0.31875196515434545,0.8645920960069207,0.07984241786755095,2.9127069712582165,0.4708115320776313,0.822899140680419
2.0,0.08737243549380441,2.810555750507811,0.34601912595259804,0.8566742399542074,0.07664051574439022,2.939215544107274,0.4794024724634077,0.8204043121184578,0.08900379286553368,2.7930082306750066,0.32832126497370556,0.8616299149969674,0.07595931895744976,2.9500367615766554,0.49615527260765774,0.8174893994454819
2.0,0.08462396391504969,2.8819677260506853,0.42776168705452927,0.8381335194265035,0.07203323096373575,3.0433087670233694,0.6586789265830398,0.7907125343061654,0.08270942404098329,2.9083752066719426,0.4643963354110021,0.8310015161285913,0.07234889635522442,3.0396985692825322,0.6534895641131331,0.792070891498525
2.0,0.08910299032954272,2.832616983309112,0.38409600278688927,0.8479739922585261,0.07649370985564413,2.98068257327615,0.5646763497865888,0.8045425989324877,0.0877190739196056,2.847773856740015,0.3980190473548252,0.8434193816269163,0.07635298346598296,2.985541241277231,0.5741774868965047,0.803862677966909
2.0,0.09326145462998356,2.80856282618239,0.37774511677806,0.8489823088040912,0.07912720786213032,2.975419598341293,0.5948416583788935,0.801200145107714,0.09040002648425668,2.845994067381407,0.42712252082292984,0.8394538050224067,0.07977611431733594,2.9665111860365894,0.5810898786694738,0.80370025406242
2.0,0.09139734602372034,2.830944971985461,0.40628984573457955,0.8435231264021089,0.07827160730069285,2.9840196103605927,0.6081696766423416,0.798490276906935,0.09067973721523136,2.8366650458397364,0.409127486883558,0.8412665189909111,0.0793115792823481,2.9701998899783906,0.5830086384275698,0.802575268520513
2.0,0.08845286819761605,2.840356115515658,0.4035940544306602,0.843006726989818,0.07590736217422417,2.9904617449956636,0.6004271842235239,0.7987964961768532,0.08681832220843197,2.8614950809871442,0.4309506414880303,0.83721274761972,0.0754149476703204,2.999655716438789,0.6204679322360962,0.7966563879934567
2.0,0.09252503212400079,2.785155912406834,0.36044135509408837,0.853508657238826,0.08044364559621425,2.919440503294199,0.5060055484457543,0.8145319848733673,0.09223844424406921,2.787573914169821,0.35889228488110436,0.852594281049967,0.07940842050972599,2.9356393561257725,0.5354533071855739,0.8103264507099681
2.0,0.09203439987066084,2.820152525248297,0.3930421023750215,0.8459496656622835,0.0782341351882464,2.983202466191562,0.610472188352057,0.7986076087765304,0.08928898786695542,2.855120928731164,0.4396474898428494,0.8367235805665193,0.07850181392731255,2.9811344288164863,0.60967608421297,0.799485681405163
2.0,0.08737913138734,2.853145448531734,0.4180359366907541,0.8403607044702507,0.07457067607728889,3.0092006921240526,0.63193963330489,0.7941855489718151,0.08571389232715328,2.873776004761607,0.44378433240238974,0.834487400811996,0.07478529802409542,3.007878760822335,0.6321286569660729,0.795010539779294
2.0,0.09039204325781665,2.8105985390479784,0.38200807088070654,0.8484553906066324,0.07719117217203189,2.9645147221138495,0.5719408096919493,0.8034090216365591,0.09001289091341497,2.81215599175744,0.3790369664798615,0.8472799781643094,0.07873887429990235,2.943073682282325,0.5345588367366712,0.8095140229517696
2.0,0.09022604972586247,2.8142119699268577,0.38603788504698244,0.847625507067209,0.07743870899149755,2.9622742761296226,0.5669066285556321,0.8040906247549454,0.09015855970491808,2.8113417505330216,0.37817060314054785,0.8475151795973254,0.07842422956744032,2.948882916743281,0.5448171477455035,0.8079240490350121
2.0,0.09237840410891691,2.7836493399296427,0.3578502262806126,0.8535219409827652,0.0780976207356307,2.9491019478392007,0.5574640024403478,0.8056942890218453,0.09130497822697177,2.794989714221741,0.367493572789317,0.850085404863409,0.08099072781588665,2.909904604258772,0.4912704139965085,0.8169299017943761
2.0,0.09560410674013382,2.789557700917292,0.3797171338200112,0.8526129764528937,0.08157127308506122,2.951069424681741,0.5952416762328415,0.8067862297450222,0.09333352584114585,2.819407121998364,0.41922483523529425,0.8451373149857807,0.08263330422677523,2.9369287595809865,0.5671331177548804,0.8108072722020294
2.0,0.09197722359817036,2.8184697318524106,0.4155450002466273,0.845615714583921,0.07938674781686976,2.9670723674865362,0.6200358451149985,0.8024204439812971,0.09066230885365324,2.834634950965583,0.434925339547845,0.8411024811525878,0.07949321400570922,2.9666828049727294,0.6220830361208644,0.8027086543793075
2.0,0.09899294739819474,2.7608283955032316,0.3819814813673021,0.8530062119936267,0.08474512376681123,2.921237039115981,0.5981185053470492,0.8069310651254189,0.09712298797619984,2.782876563714816,0.4084305892072183,0.8471149563148705,0.0866210614520113,2.8972457813970016,0.551239095581911,0.8139267213638665
2.0,0.09136242746724642,2.83098916154643,0.43164082731151504,0.8421910787676323,0.07849056962799687,2.985525826690888,0.6592836172838238,0.7970362466321734,0.08947697643404956,2.8555749169399145,0.4672326311181803,0.8355813251498843,0.07874049979716387,2.9834359641836783,0.6579122706652308,0.7979206014930985
2.0,0.0927587667875997,2.8099052036317294,0.40494048573260677,0.847287337683965,0.07948073855312912,2.9637542530938648,0.6141205300278966,0.8027843079059978,0.09101221859710326,2.8309382973547694,0.4312781672122863,0.8415409171941055,0.07987209940936461,2.9588795740812,0.6061779901373122,0.8042371953999167
2.0,0.09424772979571454,2.8132208623609216,0.41871385367598085,0.8449757779483652,0.08078046540681236,2.969812990716302,0.6461529483566851,0.7996511790992095,0.09204883504664876,2.84211719002256,0.4622456088433487,0.837487384248811,0.08106503329241732,2.967587812310319,0.6446460011589643,0.8006197985485829
2.0,0.0945354749541425,2.786390180355567,0.39094453658717043,0.8504117604982194,0.0813140590352352,2.9387089042929815,0.5915735996233714,0.8064124232228088,0.0938935479613777,2.7931645616302423,0.39610467876276956,0.8483058018641496,0.08287059301632728,2.917754754387171,0.5514645826165605,0.8124733315023152
2.0,0.09574695807827462,2.792535528823851,0.4001406546723556,0.849095365423322,0.08291061174448464,2.9348220512118663,0.5826508656659254,0.8077186016753388,0.09485874875201823,2.800731777764643,0.40567359325774816,0.8463399204093863,0.08289242270624009,2.9367511534470316,0.5905140032844787,0.8074020422364341
2.0,0.10583364766840857,2.6557513401903137,0.2817446420203714,0.8770359903613125,0.08930893133524118,2.8319531754568903,0.4673716406382678,0.8292799283299939,0.10021235285347611,2.719665602935013,0.350575905820556,0.8611424459956089,0.09036456855082389,2.8166696327716836,0.4409972123635353,0.8330847610775913
2.0,0.10355443935795462,2.6940882020193646,0.31493151466199726,0.8691069946058507,0.09124455959796221,2.8194661085179935,0.4343360555464374,0.8340551990100207,0.10226057267577987,2.70580496616772,0.3243721524528209,0.8654362433411755,0.08905976770856561,2.847168262543563,0.48085784672910054,0.8261478929606922
2.0,0.11521303114236332,2.5411331432739637,0.2192402489703307,0.8954979601464721,0.09413967612135242,2.743598854959792,0.3839760510413221,0.8419690802052645,0.1063136654023184,2.630034204066101,0.28812653744428235,0.8739584327975397,0.09905218727878548,2.6924301995065245,0.32946801017366645,0.8560994476294714
2.0,0.09127080829603662,2.809748882924916,0.3884018083951957,0.8472198095748578,0.07797022802022725,2.966471306402058,0.587471354474021,0.8019658103988275,0.08914742608716145,2.836192984015327,0.4198379633911012,0.8402259715551476,0.07796279164985526,2.9672719161005845,0.5909349124158249,0.8019025816191059
2.0,0.11597391991504376,2.5368098418997223,0.21608943016745996,0.8965587141627875,0.09736125978033827,2.7097670792946382,0.34406677314794,0.8511637742705174,0.10855710744210079,2.608934810004264,0.2686841480632055,0.8790347808089477,0.09870932712668978,2.6971862582326755,0.3331169685661822,0.8546419101987425
2.0,0.11997718257350407,2.5001307898803775,0.19873811564357408,0.9042912653694328,0.10246350646594904,2.6549174171022867,0.30111947181917015,0.8642456988221064,0.11396613225338119,2.5536506195912323,0.23227199585699243,0.8911061306925586,0.10333040707533864,2.6461862520318125,0.2929245406289478,0.8665624491012031
2.0,0.11837902350405997,2.500166172787786,0.20279582953116138,0.9021588377355946,0.11095927602198345,2.5639693958156764,0.23769671431085646,0.8857927955172378,0.11866885646134946,2.5015884844803784,0.2037612283524762,0.9022570934626916,0.10097123465829204,2.659448635101938,0.3126800571788867,0.8610802153909729
2.0,0.0902611851780732,2.7975917673205952,0.3636113645892419,0.8523204732101822,0.07611120256172914,2.968543873962561,0.5764273464200096,0.8036151562533247,0.08740751611007906,2.8356175306326166,0.410209631876499,0.8427673285017757,0.07742887148971449,2.9514283231381184,0.5488658927232132,0.8089243311661437
2.0,0.11863648572476634,2.5126946257372698,0.20564892285495842,0.9012734199307543,0.10425239257312174,2.640462312830279,0.28828182040269923,0.8683420435429554,0.11219020274702968,2.5741565065527707,0.2479052995974131,0.8864786304752783,0.09884724923348148,2.6946285435497943,0.33984835399475527,0.8538676023857459
2.0,0.10780410316182924,2.601790247475911,0.23465260993415052,0.8901686070879478,0.08987136106706857,2.7865814644801006,0.3898350136421581,0.8419054407268928,0.10006822727025184,2.685255907067592,0.3043131669965044,0.8699890138054015,0.09056865581782417,2.774724771601989,0.3746632437863288,0.8443210630451627
2.0,0.09136429200676091,2.7825691102809738,0.355345725331097,0.8547338205913052,0.07813702745666541,2.9357479476104014,0.5328608615485707,0.8106607465650563,0.08956972518438741,2.803266659637729,0.3784568991559855,0.8489040182932375,0.07824229503789976,2.9347640316319064,0.531217851234216,0.8111521558572308
2.0,0.11000505709615707,2.5922545346591455,0.23369492502527928,0.8900648693803971,0.09306375621069765,2.7627337759247226,0.3733726099627034,0.8453029783760351,0.10119854815149945,2.6875611818961778,0.3155749656290652,0.8671378659196491,0.09039588785412318,2.7925056697339956,0.4084003440970695,0.8371504365505626
2.0,0.10064209480629228,2.671861946342565,0.2746905597208179,0.8758730196686623,0.08460648365662819,2.845827117540801,0.4376539141735444,0.8287060458853576,0.09419951639232277,2.7469867680909346,0.34501883465576644,0.8574338496148874,0.08357027472632073,2.858068607047924,0.4551629631416965,0.8250691863317747
2.0,0.09435767406374254,2.7448674483961617,0.3371619663600268,0.860086078674315,0.08278686968354643,2.8692585593467936,0.4597001477267707,0.8243605166435716,0.0964673839393241,2.717024730105686,0.30477100942657553,0.8664745236741671,0.0823404465792772,2.8752924211695006,0.46764291888610776,0.822758790564758
2.0,0.10958947825426976,2.597115616098942,0.24921996386909015,0.8851292122939617,0.0980918616312083,2.7033669376435645,0.3245967193293883,0.8567098117565671,0.1117293614087743,2.577890255244399,0.23387348105128827,0.8901503409758023,0.09542591628154937,2.730919509370326,0.3522265514876325,0.8490106273823863
2.0,0.12559102065168817,2.458222966926044,0.18651834599353836,0.9092885261037772,0.1058765213559155,2.6283163841484183,0.2973298249349498,0.8660442540144255,0.11770057198702742,2.526305143969527,0.2278302075819508,0.8929528281379696,0.10840272845925601,2.6023780456091203,0.274264235805938,0.8726738892303894
2.0,0.1047640109134317,2.6313922333197226,0.2564048357461712,0.8816728216585072,0.08729444938212101,2.817180111424998,0.4255160049155404,0.8319782221003287,0.09622094622264132,2.7298510746065445,0.3486868145079253,0.8576292376867143,0.08594787441387582,2.8332101871621114,0.4487175029820179,0.8272889324103758
2.0,0.0956319260603026,2.7571497014516715,0.34716386230793905,0.8556908214298683,0.08072576772118595,2.928608787972027,0.5521839055294894,0.8072017951534644,0.09159190325145913,2.8092488473439348,0.40969476143796896,0.8426540570916375,0.08078394120399114,2.9292007835360123,0.5558955377542,0.8073373511496028
2.0,0.0960803221953814,2.7220476457523346,0.3111893296668065,0.8652570130368125,0.0840912480479552,2.8505273115262564,0.43080442750152426,0.8291421856007269,0.09451811003086182,2.7410701365285552,0.328867500816888,0.860386306099787,0.08104703211068921,2.8910691723536814,0.4895372088682935,0.8179598728874508
2.0,0.0919637118524505,2.795618979424399,0.3739629319061829,0.8500876913913378,0.07866256964121365,2.950824308427189,0.562967736235828,0.8055096400340301,0.09115464185378962,2.804603046003898,0.38112966319566466,0.8475251479289939,0.07957382756328303,2.938083899144197,0.5400836159887192,0.809267325233919
2.0,0.08788720945514736,2.8346957062787004,0.40421100821269124,0.8429441947261049,0.07507970772518668,2.9919345892041727,0.6116575178032613,0.7971160236397473,0.08633059945537871,2.854575612656458,0.4271525761246849,0.8375722906200316,0.07521621986012082,2.990797074946419,0.6106529634276989,0.797857941945447
2.5,0.05449533838896975,3.2437380796201016,0.47057650689323494,0.8272106783514017,0.04739231202701519,3.3831734701642486,0.6504030513290976,0.7882501084618332,0.055140947235357056,3.2375770360796423,0.4667962897885957,0.8296335882067613,0.04610139618169305,3.4193219335250618,0.722714700467263,0.779477934628178
2.5,0.05427992789042511,3.2440508218044397,0.46350361925666517,0.8274995196178262,0.0463666868868127,3.407699694307471,0.6894252593736886,0.7827573167095401,0.05338441855582047,3.2732792251483502,0.5126788675778818,0.8217166881625186,0.04537880158994955,3.435139859892796,0.747233196995264,0.7759930533269742
2.5,0.05152156578422136,3.3149620801851074,0.5772355229733396,0.807837672322496,0.04392906853557149,3.4817951996998384,0.8562880547915763,0.7604707112924595,0.05137293127543003,3.322828653113234,0.591717067095764,0.8063554147936557,0.043812388116659155,3.4899879361532204,0.8817603036589563,0.7590807361495088
2.5,0.05426352643611949,3.26077092679519,0.5018329808617161,0.8213753525901151,0.04618183398202613,3.429065529087761,0.751066245315555,0.7746199192172996,0.05408392254399589,3.27078978367194,0.5200747066910807,0.8197069979669136,0.04636169791325859,3.4288294397972066,0.7559895716293676,0.7753520514855011
2.5,0.05265937656001501,3.279033260598769,0.5075391675093102,0.8201701548541483,0.045406556854035225,3.4269859804405582,0.7133110816817341,0.7782176795281641,0.052652575054138166,3.282676125582716,0.5125278204203427,0.8195437933608257,0.04431815665542594,3.460219389530689,0.7887155649498634,0.7703023931756027
2.5,0.0510961806302694,3.3110198667884414,0.5411277344809725,0.813067346779208,0.043207139838134394,3.4865108289369204,0.8283603484788412,0.7642585503102647,0.05058369157414846,3.330035034037935,0.576989892170825,0.8093444740823581,0.04326505494600507,3.487225613271255,0.8305393626741947,0.7643945773059556
2.5,0.05144886521404709,3.3213247060582223,0.5798241084420548,0.8074893882137993,0.04388499156585291,3.487495171600815,0.8588512063864713,0.7602716647136727,0.051398312495299706,3.3268354418777655,0.5898259720963495,0.8065658977016019,0.04379492507694553,3.4946325574698744,0.8807788761587427,0.7590886849366024
2.5,0.05941520179452539,3.1452067706509665,0.36287294682713894,0.849198139704439,0.04987804580554937,3.3347392823893975,0.5929927417843512,0.8006791158576512,0.0564191765856152,3.219767177411086,0.4643191934698309,0.8337358555732667,0.048946599478184756,3.3510791577640124,0.6135536903131001,0.795610528377623
2.5,0.05671843903324704,3.1984986067077443,0.4299296957851383,0.836156599640082,0.04965412430074594,3.3259994078892694,0.5695913504252759,0.799809989091524,0.05726396513239263,3.187876493943141,0.41277203901332293,0.8383382382372292,0.04793289974388713,3.3718645047070512,0.6502755451563418,0.7887332693166687
2.5,0.05822872024645716,3.1732209190613903,0.39184318506917887,0.8433901247667795,0.04876049860141592,3.364911195668379,0.6415305797807432,0.793773353656386,0.05557907807579814,3.2380353035805296,0.48238158211108456,0.8295751440082526,0.04836485428094973,3.367675731833665,0.6367997461594158,0.7918861190728762
2.5,0.05549030473819089,3.229831029336203,0.4746372265519028,0.8283435610156782,0.04730533988378695,3.3939964484234015,0.7035594034222066,0.7832234512231252,0.05539252549816523,3.2373730317658436,0.4888186570982915,0.8273307508377529,0.047535234739686745,3.3930242002785356,0.7069509596920917,0.7841526303305967
2.5,0.05252336313326447,3.2934287116174454,0.5540998717537673,0.8143909899986223,0.04491705899539156,3.4551624690297844,0.8114795796243288,0.7689073973304525,0.05276501962247508,3.290683873618763,0.5490358413326674,0.8153910379040635,0.045010734623583064,3.456392458736529,0.8173502598420082,0.7691686466400324
2.5,0.0527623413230054,3.287058415997576,0.5397806095395468,0.815808882997109,0.04502454742689593,3.4531502330819084,0.8045796763640478,0.769677952160546,0.05261878036110086,3.2954819415170906,0.55667728620662,0.8145256441631995,0.04494564940683945,3.4570021132846573,0.8141852698609561,0.7689173670374161
2.5,0.0550144223991062,3.237855045583871,0.4756581097245172,0.8268380454212738,0.04674526466455699,3.4087064118204684,0.7221497109024948,0.7802327032494862,0.054127278394551,3.265210121303505,0.5225605113408671,0.8214339278913604,0.04654915273758561,3.4172234102145085,0.7435073802870059,0.7785686647039517
2.5,0.0528920193046229,3.2841425375702626,0.5326453714208201,0.8174342996094713,0.04539584155065165,3.441591595710134,0.7724373282877682,0.7734485990742926,0.05298997225344495,3.286949824792119,0.539058868317704,0.8174245227890362,0.04498974508045209,3.45554688059713,0.8069925803587611,0.7703373375025839
2.5,0.05550367380327684,3.2319718594680698,0.47184471107603504,0.8280757334612174,0.04690603435697913,3.409754209745776,0.7317212308030551,0.7799153447252049,0.05461110777546022,3.257507019547337,0.5134418098532069,0.8229115438622531,0.04728485455894613,3.4008059248839575,0.7119703396281858,0.7822465215010969
2.5,0.055025533909872686,3.2544875791743295,0.5111849366167657,0.8219977630323009,0.04707918560755553,3.419049709784456,0.7621761649643098,0.7768488282723265,0.054469910108249385,3.2726221322360107,0.5429675217785338,0.8184840281255072,0.046637630034962456,3.431828971703741,0.7905183048832939,0.7737589540035549
2.5,0.06133859903355904,3.1156484839693994,0.34674883468567325,0.8551019446497301,0.05173840880216884,3.2940082967905027,0.5432489914176932,0.8088156931495161,0.05833429182254752,3.1840084450721267,0.43286947984291113,0.8406091855396902,0.05063214333242864,3.319666357888636,0.5856689999885135,0.8025458342015179
2.5,0.05480448795597768,3.24113928267838,0.46927716600488323,0.8278718205957587,0.04659032706477602,3.411809666245062,0.7140190724257419,0.7816246528978986,0.054024282819168545,3.2672675497756596,0.5152957595822467,0.8228753460238516,0.046326224048975476,3.4196926560166676,0.7306832966374064,0.7797589847543447
2.5,0.05182611324203595,3.3071062021298814,0.554596825905739,0.8134804050246035,0.04408658838240485,3.474948426142798,0.8279399789745872,0.7666409627218636,0.05172859028982111,3.313739942111191,0.5674874846640897,0.8124628932755489,0.04417781416867113,3.4752300076789178,0.8303059354123414,0.7670068564735231
2.5,0.056165355149168525,3.229074452572333,0.4982076355833972,0.8251542706627265,0.048270165276008095,3.3814796335988557,0.7106181883161328,0.7819482176929959,0.056590022079767086,3.2176291426553836,0.4744401236737136,0.8274368527050272,0.04841631168818881,3.3813784664186226,0.7119409684964934,0.7825849350875304
2.5,0.06587386488824053,3.0663286492183275,0.35282873887093985,0.8584578323580433,0.057289576516333936,3.19446398773821,0.4702968820115385,0.8229278479451149,0.06685038159737793,3.0423565989744707,0.3200529743959657,0.8631370983427372,0.057146994439805664,3.2005493575388972,0.4786987987361316,0.8218821578126878
2.5,0.059245511911736846,3.1851971476565093,0.46536419155547887,0.8349663699650748,0.04995106299333077,3.3592322309465694,0.7260001043792975,0.7879809995987032,0.05724572432978208,3.2287671603500505,0.5365893243568164,0.8254058115020424,0.049899571270344355,3.3636201868815703,0.7364018791048759,0.7875956789933135
2.5,0.06432788951768818,3.1032195043549433,0.38223997768022305,0.8498357748243502,0.053968742913580135,3.2884027110552942,0.6263894144899584,0.8017453531137879,0.06124192025159664,3.1692449503415046,0.48111486673941606,0.8359063338623499,0.0539857797157413,3.288441452951848,0.6237319823332256,0.8020138044884356
2.5,0.06196327489518685,3.1275563435555878,0.3952374713295682,0.8473501409829242,0.05184443358689689,3.3120559629753847,0.6413455647779542,0.798926283510191,0.05904734476458765,3.1913145834243544,0.49228626827208205,0.8336520120916234,0.05189538023163003,3.3142828785953786,0.6481226643301327,0.7989423326741287
2.5,0.0643274318610626,3.0914110406716513,0.3625371482477125,0.8547745948530904,0.0538975907632877,3.274111661132341,0.5867843320969962,0.8075667451559568,0.06072658783841017,3.1649012611138327,0.46458653152569995,0.8390675239014671,0.053462855300798036,3.285161705555759,0.6078673312919494,0.8051798851517347
2.5,0.058544571323838536,3.1897981553034533,0.4628885922509681,0.8348825333578961,0.04915720917808293,3.3677380328311983,0.728944001432016,0.7868111580646194,0.05666314008554517,3.2311397471132253,0.5291769162952139,0.8257911109191397,0.0495695129991063,3.361704426226152,0.717055014442348,0.7891637878468398
2.5,0.05848322020663629,3.1891596985689894,0.4597496423903124,0.8353023558482011,0.049035718576373614,3.368224175819576,0.725739079046195,0.7868762107553093,0.056596254484341545,3.2301827196099806,0.5242789810173796,0.8262034208858341,0.049547416372556274,3.3597120786257904,0.7076481578942703,0.7898262393095304
2.5,0.05895412346165938,3.196707326304805,0.4803362455915354,0.8319409745666623,0.049628994511562365,3.373563856432024,0.7543757011779518,0.7840623545455411,0.057089162639717306,3.238266450151816,0.5508102601093705,0.8229006444538777,0.04981734721039214,3.37265762380455,0.7538642888744082,0.7851121782627507
2.5,0.060513748233417625,3.1733463972647815,0.45838879880139105,0.8360269850629182,0.05100643062986778,3.3492487067165637,0.7182021074596431,0.7888117712143182,0.058410611006877965,3.219150321676177,0.533730217446255,0.8260538789113921,0.05097022395450841,3.3534634650984105,0.7298854194378763,0.7884087940983713
2.5,0.07358306487738267,2.953687907647026,0.2822572415961724,0.8737619935311497,0.059989050138351714,3.1610565660766454,0.48039846989509155,0.819737436007999,0.06852880814075413,3.031577112581824,0.3540705667659261,0.8559215974983653,0.06288358315268246,3.1145743008083584,0.4237136504300327,0.8325837753054419
2.5,0.060293987683278955,3.1436864137312552,0.4112395029225344,0.8376737957005204,0.050667490050276806,3.319525774673827,0.6334696302883743,0.789034349262795,0.0585027547390933,3.182168658995732,0.46132953865882487,0.8291313953805425,0.050807820745628805,3.3203687306951224,0.6362543373491096,0.789664256556468
2.5,0.06117055708709053,3.121658267049764,0.3813439496140281,0.8441289726628369,0.05085791443252301,3.3106982134033673,0.6115766508291249,0.79304706780914,0.058295239468003766,3.182886202221878,0.45922181429214365,0.8305185816432064,0.0510027837081611,3.310368022250758,0.6119661844995818,0.7936760865846848
2.5,0.0630937718853959,3.1022834922856135,0.37322674920462684,0.8458818838424657,0.05351691135002613,3.268619955665024,0.5602598104012506,0.8005649203928699,0.06096558471134054,3.1465399730775374,0.4255996418024549,0.8362142009192792,0.05271505991715004,3.288844349837421,0.5935153320776465,0.7959319291386043
2.5,0.06261194314202778,3.1030823158674434,0.3703607079438676,0.8478375200466551,0.052337588611595515,3.279300306720126,0.5687180025225254,0.7995350029536514,0.060930246296467615,3.1365449159757106,0.40805851998446396,0.8405704444283332,0.05325293574836014,3.267766535560065,0.5545093128457997,0.8038297513123609
2.5,0.0612390460895181,3.134756018008747,0.4036782160209138,0.8388653523986098,0.05138162660616027,3.314189243994135,0.6283779403220232,0.7897272439203139,0.058926918358489774,3.185107703751745,0.4696555508289099,0.8278221734224126,0.05122684642416256,3.3217017339710684,0.6434218185571741,0.7885642540613438
2.5,0.06099561177009819,3.1226388129025833,0.37811960502626557,0.8440359368839738,0.05085394439602045,3.3083748245145608,0.601442454051331,0.7939249680442773,0.05815761484977664,3.1848518657896574,0.45750773731358013,0.8305069085265738,0.05068351937970907,3.314910000625928,0.6132306078644786,0.7928054434498953
2.5,0.05846607361924575,3.1728841794771716,0.4328121531802598,0.832844679165773,0.048928701421626065,3.3521163158105387,0.6711605782983104,0.7830069952914864,0.05663869263066275,3.2126143918350216,0.48668611784144367,0.8239091882720244,0.04914118997045825,3.3516895702708887,0.6723466786453601,0.784027590495329
2.5,0.06200441570512313,3.1237400853916086,0.3973405862332602,0.8406458157112667,0.05234858970083583,3.2956833276791406,0.6062305652339388,0.7935659555669181,0.05991981158638412,3.16790843011799,0.4528158735149596,0.8309692623580829,0.05191160570752905,3.3085338843404553,0.6284187207122216,0.7908549054831495
2.5,0.06372567030866833,3.085688075458176,0.3574684933533924,0.8508271360354501,0.0545158665314673,3.245173042850502,0.5329230728432588,0.8085061880518903,0.06191186836569919,3.126922059890596,0.4069525619447478,0.8424696732905849,0.05316627758792972,3.2709099256529943,0.5673789564398362,0.8016412503762056
2.5,0.06869362487249138,3.0123741554998995,0.29828524613411594,0.8675240375683927,0.05579137610577761,3.2239949995766173,0.5165218782938934,0.8127478570240274,0.06384231211623337,3.097643087819223,0.3858202939562641,0.8484459464533619,0.05780061857242982,3.185329375583364,0.46070686061069893,0.8226167852355027
2.5,0.05910483069321051,3.1732911970837,0.4374420425678841,0.8341844653289192,0.049376964549242446,3.356761330404194,0.6939253638686202,0.784072591715176,0.0568577984934626,3.223521272390528,0.5109015974007558,0.8230999583953861,0.04956793670890409,3.355876426723169,0.6931168483064306,0.7849967089856927
2.5,0.06313791040724664,3.098018044794776,0.364698991294054,0.8506695239695727,0.05282520728704629,3.277866509778367,0.5718406703216892,0.8025266982239226,0.05981640329504809,3.165072085642575,0.44776958835025665,0.8355993527423393,0.0521296626791007,3.296330811283869,0.6067567016481209,0.7983386574979225
2.5,0.0603195779500526,3.153072793498946,0.42386520581054055,0.8375329714803297,0.05054516086342377,3.330655030320822,0.6571238754845945,0.788719144268549,0.05830731147834386,3.195258377231429,0.4805771850975025,0.8280844121482872,0.05079835911651439,3.330668186139963,0.661408283322108,0.7896858744913771
2.5,0.061078536230510974,3.1218328825344237,0.383879356055935,0.8435673454879449,0.05040009499226888,3.3148448101467753,0.621040322400977,0.7910324447368132,0.05870801986903297,3.1699987791549105,0.4428959285084557,0.832841957320867,0.05182478583171713,3.2890850420133315,0.579743123628335,0.7986847836286876
2.5,0.06672705087397464,3.0376605255113613,0.31527525155991815,0.8611233944686727,0.05411498768511054,3.253681984794929,0.5476406308672401,0.8048560778819704,0.0614907079778376,3.1344298284324887,0.41894470440996057,0.8393057291210129,0.05512055197040905,3.233714911988087,0.5166036703430429,0.8101095001516591
2.5,0.06505219466124261,3.0550988655736147,0.3240642032702791,0.8584422441281522,0.05341081266065838,3.2592046352710176,0.54448681887594,0.8052145155223689,0.06030895673429306,3.149332853088719,0.4301570273919398,0.8375539705729165,0.05313672512875235,3.2650148244229538,0.5534315233649665,0.8037186388349129
2.5,0.05865099666273066,3.1696672104212844,0.4344655584876809,0.8321502800041042,0.04880520206794249,3.3566808958370347,0.6879332675553603,0.7803221031587898,0.056660162206345184,3.212436079384452,0.4907151466390466,0.8223830763242989,0.049448354922147594,3.3458438770670393,0.6689528867775246,0.7840217786754509
2.5,0.05992835837992052,3.1660642888153054,0.46791843145233386,0.8310012290985285,0.052346497190173216,3.2980836262497077,0.6336110125863395,0.7932800797929923,0.06253740689620592,3.111094498346584,0.39546190223691013,0.843108315348093,0.052475816152033596,3.292239487275618,0.6212628800314154,0.794274990474203
2.5,0.06596863150358769,3.052995745463828,0.35526337692122734,0.8557133165147671,0.058992260347768506,3.15416462099534,0.44044717817815876,0.8266978193117256,0.07118468890883542,2.96539406503015,0.27420824906898167,0.8753416904413724,0.05887182303628585,3.1608805252400503,0.4535998947264634,0.825626557749002
