1.0,0.21919918366861849,1.9689598448080081,0.24871301537968202,0.8828190515671662,0.19755195669655856,2.0723321766366847,0.3215745839222427,0.8533197859500543,0.22907996940729,1.9174547264951058,0.21578119603296003,0.8955997656023045,0.1998251606498491,2.0605074175699283,0.3115556431784782,0.8566409136759663,IMG20190614093338.jpg
1.0,0.22374906327166502,1.9457835112517925,0.24357432690766023,0.8852776852942764,0.20096538214728515,2.05323794489523,0.31861916146714087,0.8548422549177184,0.2381420529876063,1.8709064256463477,0.19751628262693052,0.9034124982948233,0.2096911102726203,2.0074605571444346,0.28191287011043253,0.8674620073608863,IMG20190614093340.jpg
1.0,0.2306386124493222,1.9324333899883737,0.23002398835732163,0.8899744706720576,0.20952862904574704,2.0307797671989007,0.29453612455536765,0.862511798130407,0.24302322130654028,1.8698105070967836,0.19340615285932797,0.9052220712649035,0.21348747798538395,2.0117740737259626,0.28019496717379994,0.8679003624519228,IMG20190614093350.jpg
1.0,0.23853241086339774,1.8339125489893515,0.1967251883918551,0.9034691554186276,0.2241481263556418,1.8957982611768114,0.2307494135589069,0.88700577756911,0.2553551367514698,1.754727294715044,0.1566379459219421,0.9220077897567475,0.21954184769452162,1.9187546464214527,0.2449390820141301,0.8810077700203344,IMG20190614093653.jpg
1.0,0.22507215099660713,1.8867845116840243,0.19576349576349578,0.9038868957420995,0.1959827860481508,2.0279164584341616,0.28177187125230746,0.8665088984222665,0.21927752549970522,1.915534183588618,0.21181878176345784,0.8969636669369085,0.19976578546296722,2.0067098487833506,0.2665119073072891,0.872182777242582,IMG20190614093700.jpg
1.0,0.2273838502488708,1.9476626647260904,0.23698647031980372,0.8868206281177623,0.20639733166707794,2.047570856805446,0.30442548210348086,0.8588075077981879,0.23292648881129716,1.9204074996954492,0.21987251443232858,0.8938418648095436,0.20350629255200847,2.062139807670388,0.316422417769435,0.8545460615565885,IMG20190614093717_1.jpg
1.0,0.12423705963727906,2.5227679834105206,0.4259035295138514,0.8277486945805529,0.10816394110013504,2.665616975053213,0.6089307872803157,0.7855318567622175,0.12601070265056577,2.505343404350423,0.40767254187475277,0.8323921101170402,0.10796660637600373,2.6721284869337993,0.6257587611713692,0.7847379930647194,1.0_j.jpg
1.0,0.22382871518353312,1.9179029024895309,0.22632922632922642,0.8913088018065392,0.20505960736320364,2.0035213123301174,0.2799848572779939,0.8674133707752539,0.23704557099830995,1.8520950114347687,0.18837241574974098,0.9073279123307915,0.20500483424852103,2.00518410665309,0.28147043605670935,0.8671838963768184,IMG20190614093720.jpg
1.0,0.2628624623342304,1.772757711346207,0.18819760486427153,0.9074294732137868,0.23791523285484592,1.8802589555583178,0.25047382712552685,0.8791682399500378,0.2696221945476049,1.7416009594371944,0.17196951941579913,0.9148148522373369,0.2441092131658512,1.8515110671831612,0.23176448192484114,0.8867830131385203,IMG20190614093803.jpg
1.0,0.22270923148421679,1.9689420077741833,0.2667863001196335,0.8773532087136915,0.20346796853051813,2.0568208831505777,0.33021253803806727,0.8513051558608663,0.23957386895823585,1.8807019500944662,0.20733211624808812,0.8989557596136819,0.20557603061567814,2.0466995762360707,0.3210655070821846,0.8543368986677295,IMG20190614093806.jpg
1.0,0.2444615892029023,1.852865280487104,0.2228783562116896,0.8931920803806168,0.2201105555097645,1.9601926165332835,0.2937913297117915,0.8632235330171409,0.2573927310420824,1.790801497600019,0.18665009621552286,0.9082362655941368,0.22963827005681312,1.914418529335594,0.2594332709791335,0.875899756211419,IMG20190614093811.jpg
1.0,0.11376150816976685,2.6486809239436178,0.6612645616851424,0.7660120250247866,0.09672160890603765,2.813193980828384,1.0106686933080486,0.7087868209400179,0.11403294078742833,2.64498003267881,0.6553741073316743,0.7673019730954027,0.09768691478775295,2.8029983914469523,0.9843928944108309,0.7123571268674458,1.0_y.jpg
1.0,0.24378994878162374,1.794930728495262,0.15563633896967233,0.9226139909473244,0.22277666253752512,1.8934525621592542,0.2039577793266055,0.8990887451967329,0.24441910026121813,1.7913666961249393,0.15380668081117096,0.923389006759757,0.22282835933744274,1.8932531112299436,0.20382109990833544,0.8991127870537748,IMG20190614095058.jpg
1.0,0.2531899072641972,1.7993807269843343,0.19802789802789802,0.9032958909881985,0.2305886535478822,1.8962453297326,0.25487194249221184,0.8772796890859,0.26526962362587986,1.7421939051572335,0.1678180663146989,0.9167677625029383,0.23677710538454216,1.8681521445211258,0.236541782404515,0.8849390579458876,IMG20190614094129.jpg
1.0,0.2547610181818516,1.7977055803696766,0.20885904219237555,0.8987805267744935,0.2341380020623109,1.8835071493874858,0.2607744570541235,0.8751190115941277,0.2722487672113018,1.7171959487060748,0.16544012434006025,0.9178726428648136,0.239214870768109,1.860685141354299,0.24505323863887057,0.8813393960622581,IMG20190614093828.jpg
1.0,0.24407119374384098,1.7952373518958378,0.15769384936051595,0.9216217787296216,0.2226856765835403,1.8948105561622115,0.20706746749081584,0.8977022168698578,0.24419152589606966,1.7939968908843287,0.1569737751023832,0.9218820619726646,0.22260679373775313,1.895194870046054,0.20720445544050428,0.8975639339258553,IMG20190614095100.jpg
1.0,0.23248316778353623,1.9142913177461558,0.2314219730886398,0.8891322309233315,0.21625061876439503,1.9871499622599371,0.2768751691137836,0.8686141215477519,0.23478649485747566,1.903997421492855,0.2245559283564416,0.8919262188025155,0.20294500868714804,2.0562136462013383,0.3336776543960637,0.8494161468654922,IMG20190614093819.jpg
1.0,0.24210234863077368,1.8656127700191645,0.21262502929169602,0.8968890664290361,0.21712250730207652,1.9793221286972709,0.2848837191364451,0.8658979758553388,0.24890350864219987,1.832427454542136,0.19360475156658616,0.9049401265168817,0.22268697288039374,1.9516898755437448,0.26449195211222126,0.8734217111570624,IMG20190614094131.jpg
1.0,0.28049931360419744,1.7210207670229811,0.20877856711190057,0.8988308832388772,0.24926631962206666,1.8486987038352076,0.29605780151001426,0.8633620434661824,0.2785244854058527,1.7300561697731376,0.21443880446045308,0.8966849017818014,0.2540632029633709,1.8276443470704002,0.27859955121019897,0.8693869038584732,IMG20190614094227.jpg
1.0,0.19239827616256727,2.141653431662267,0.31763606763606766,0.8598994435781765,0.1702124772388229,2.262600626775103,0.4283607016127865,0.823407089976158,0.19436238121789393,2.126293098611817,0.30295492672817875,0.8635046214831561,0.17041286755122378,2.260977972585512,0.4255259149422074,0.823857135290558,IMG20190614093330.jpg
1.0,0.22816054744609218,1.9300782277055062,0.23627545294211966,0.8872519014977536,0.20868914982676076,2.0202322561793133,0.29593469747414586,0.8619382537580482,0.23228906568267796,1.910101655615017,0.22345500074011948,0.8924234258285374,0.20150479256045992,2.0581742239796523,0.327673941528977,0.8514485071931401,IMG20190614094134.jpg
1.0,0.22925971072955248,1.8980153460841218,0.223611265277932,0.8926736089533974,0.20911878376770465,1.9884328925018,0.28083239308383645,0.8674704569320273,0.24295292626047596,1.8296353238729721,0.18445255834607993,0.9091022016710398,0.21098412969495992,1.9802469914047651,0.27456426879133733,0.8698837349231644,IMG20190614094136.jpg
1.0,0.24446226069589325,1.788632584464821,0.15377924544591212,0.923513873562893,0.22369725303316723,1.8860037029341068,0.20115538845493947,0.9003905309719744,0.24571323541809684,1.7820183686756392,0.150613682340751,0.9249451694873435,0.22457145022846672,1.8818589828362215,0.19894969734610532,0.9013929013853549,IMG20190614095054.jpg
1.0,0.18553977881187192,2.135049287033279,0.30822294988961646,0.8622218128816921,0.16527305324892685,2.2460252173301525,0.40449795613362,0.8290815441605919,0.1876784975292782,2.120832715002052,0.2958726007795925,0.8658672230039841,0.16237806527161458,2.264593557129972,0.4242831503896291,0.8236568409801628,IMG20190614093332.jpg
1.0,0.25604145590327626,1.7635835944650011,0.14438216104882776,0.9279698696365364,0.235382664540969,1.8602914647646143,0.18987949071335858,0.9054671023202885,0.2572354700579223,1.7570282538373505,0.14139672867222583,0.9293652859327971,0.2358945570119738,1.8580145041424125,0.18872959411766338,0.906026173954333,IMG20190614095112.jpg
1.0,0.25218952767145314,1.763715379170124,0.1447219447219447,0.9277788442494321,0.23091182862292867,1.8635800029172953,0.1918719866122047,0.90452421215731,0.2528724365275212,1.7600242999595752,0.1429762668377165,0.9285873587605465,0.231962809045822,1.858363901430501,0.18922941501517512,0.9057488223582626,IMG20190614095114.jpg
1.0,0.26549303463492147,1.7083946951745785,0.14597470430803766,0.9273685882019209,0.244034682795986,1.8034483801772827,0.1914733640198682,0.9050704361801221,0.26592165002862744,1.705723862629677,0.1446076133616224,0.9279300710514631,0.24408861991011532,1.8028563659524768,0.1911595875675413,0.905209552996596,IMG20190614095103.jpg
1.0,0.24381053288128726,1.796932133736285,0.15747462414129076,0.9217336548709095,0.22267432828504588,1.8955079322662005,0.20620450511406252,0.8980505369744322,0.2444300668556833,1.793238101126565,0.15560547935066857,0.9225088505945626,0.22272141802148598,1.8952218310218476,0.2059940866868385,0.8980951578770693,IMG20190614095105.jpg
1.0,0.25704250132723416,1.745219524659179,0.14105554938888273,0.9295872954206287,0.2367449956881847,1.8398382445241834,0.18504572898415106,0.9078266398984806,0.25887599012995727,1.735504133839731,0.13680428775842504,0.9316463339418758,0.23773033146064088,1.8349923725359512,0.18263393888794788,0.9089492314636638,IMG20190614095117.jpg
1.0,0.24808394608188428,1.7939533233124556,0.15233840233840235,0.924044289044289,0.22699391982015174,1.8932146211888068,0.20040689123434474,0.9004232796973243,0.24864315595078387,1.7902503039500444,0.1505424458479302,0.9248534871959343,0.226869201311766,1.8936376607239145,0.2006136072845502,0.9002570683776586,IMG20190614095138.jpg
1.0,0.19998600155360574,2.05149995411273,0.26514565681232344,0.8765469538810419,0.18247846033754042,2.1401403682299516,0.3288451267925289,0.8510941007352733,0.20563402768127093,2.02270560748282,0.24587907682439436,0.8842498140491852,0.17570329117744957,2.1817549418883297,0.3678040060336405,0.8395989402532057,IMG20190614093334.jpg
1.0,0.2534936030115081,1.7605976699765018,0.14400106066772733,0.9281670798337464,0.2325493185428749,1.8584653455795923,0.19004517208494118,0.9054365087078363,0.2544073926292504,1.755402001960184,0.14161783934474764,0.9292717533428726,0.23335047251906205,1.854727089442585,0.1881409161717052,0.9063159829601365,IMG20190614095122.jpg
1.0,0.24462865589658034,1.7844173485104249,0.14730269730269732,0.9264977614977612,0.2234136947619895,1.8848680898652304,0.19505356259685963,0.9029660050827464,0.24543966322559885,1.7795723649327917,0.14506371194552722,0.9275488170424832,0.22487433729594072,1.8774800508669722,0.19128515985475572,0.90471650708605,IMG20190614095140.jpg
1.0,0.24079552990373132,1.788281562687385,0.14714298047631386,0.9265920499253832,0.220518853511161,1.8849647037719723,0.19292377021690682,0.9040172024777537,0.24231117252672366,1.7800472335876898,0.14343421572013626,0.9283569040805248,0.22062473653638884,1.8842854032923173,0.19254952160660943,0.904137313758866,IMG20190614095119.jpg
1.0,0.25387849065806406,1.757783445433732,0.14615785449118782,0.9270805429138764,0.23272315102832164,1.855622776491729,0.19259826957068785,0.9041588492518574,0.2545739929328545,1.7539693561529628,0.14434949671880398,0.9279066647752503,0.23311165690812366,1.8539473820190757,0.19172728537706085,0.9045654628079258,IMG20190614095142.jpg
1.0,0.1929267318917585,2.112380301166599,0.30682249848916504,0.8628884443130296,0.16842590553532127,2.245387079146451,0.4274998989559608,0.8230784829977371,0.19525296215522786,2.095643350204898,0.2917060369072878,0.8669354029893596,0.17328632725029014,2.215086137565284,0.3931702251137786,0.8319728782604682,IMG20190614093342.jpg
1.0,0.24135771719756147,1.7903618209498586,0.1502269335602669,0.9250615433948768,0.22007308119927865,1.8906703891271723,0.1984452484773203,0.9013189899617849,0.2416582985832699,1.7881718513089864,0.14911771599151336,0.9255491994375094,0.22038608892802664,1.8892208174595542,0.1976705260861772,0.9016697411822491,IMG20190614095144.jpg
1.0,0.2421835687046659,1.798327578984642,0.1499633082966417,0.9251862824902044,0.2211936858292049,1.898227565245748,0.1978247917952857,0.9016436575731749,0.2430811912162982,1.7932619660049811,0.14760417180638474,0.9262996805151229,0.22196875342167874,1.8943727485399224,0.19582149729680193,0.902541268028194,IMG20190614095145.jpg
1.0,0.2131200828158705,2.01868938309882,0.26843742677076,0.8770285358709191,0.19362685707875796,2.1124262576136132,0.3367854913717646,0.8496668846138721,0.22565827948796316,1.9490794901535415,0.22060461587802843,0.894052614926701,0.19487145243531853,2.1082518667441783,0.33404881769217876,0.8512870444968694,IMG20190614093346.jpg
1.0,0.19547970268865114,2.108280526014862,0.31029279362612705,0.8630286847828329,0.17462212249337578,2.217743754273594,0.4066218864166267,0.8301569534297902,0.19947192368339856,2.08309518703875,0.2884081881876943,0.8693736473715193,0.17313342792706543,2.228131061783406,0.4182393284381736,0.8273511812741334,IMG20190614093352.jpg
1.0,0.19860624860941933,2.074199506382871,0.2703783870450537,0.8751201178003596,0.17730643617462932,2.1831260875247622,0.3529621021603062,0.8431293257154479,0.2057148595561451,2.0319612071316637,0.24118178566142007,0.885628340267403,0.1795295175316967,2.174493618602846,0.3458896364605152,0.8463465332815974,IMG20190614093359.jpg
1.0,0.19800016837946496,2.0611069258811914,0.2732332482332481,0.8736195309702098,0.17561447725538337,2.1775021382232715,0.3635268349828965,0.8396252558837926,0.19840586270161106,2.056812803734771,0.26870713475107316,0.8744811860642324,0.17328960919993092,2.190987222943134,0.37662183396628535,0.8357664741998592,IMG20190614093657.jpg
1.0,0.19820156405327394,2.086105280767231,0.30157681824348487,0.864827378991783,0.17362740894183676,2.214862068876958,0.41580748379978666,0.8260221667390666,0.20183696815533597,2.0616531625060572,0.28063292544530505,0.8707538441918401,0.17986725158471015,2.177966100452949,0.37678658974361345,0.8370284053187871,IMG20190614093709.jpg
1.0,0.20332989656224035,2.076416040170768,0.30173098506431867,0.8653896387455967,0.18180658940787617,2.1848523225290903,0.3935697733003699,0.8323721506432896,0.2115936929658666,2.0263493405429553,0.26087975526718316,0.877737965616522,0.1840809330818671,2.171960440926525,0.3794612486081376,0.8363457773524556,IMG20190614093713.jpg
1.0,0.21243603497028554,2.013531143366332,0.2913712830379499,0.8690621827582615,0.19431412731054673,2.0979310251164014,0.35667558630996715,0.8433527406556873,0.22380840461776666,1.9514439807284873,0.24331147925198607,0.8846678198509537,0.19107065106244595,2.116835648252574,0.376049816716911,0.8380403627492631,IMG20190614093814.jpg
1.0,0.22314621248988833,1.958008713962959,0.26458880625547293,0.8777824378540817,0.2061661158292817,2.034055442174285,0.31773676161104,0.8552304059635303,0.2357006363924717,1.8938643852240096,0.22034927468298218,0.8938582933951654,0.20099999601764648,2.0623632007525865,0.3437780474342373,0.8474003393416288,IMG20190614093822.jpg
1.0,0.20991964878803338,2.02415345954105,0.28666765333432,0.8696355668723692,0.1892335877399692,2.124338517572912,0.3663730373159494,0.8395132633415094,0.21454955016891006,1.9970845644060553,0.2643789781418067,0.8763973806665548,0.18602261184365798,2.1432643189643157,0.3858651267246522,0.8341911956378245,IMG20190614093824.jpg
1.0,0.21816284857047077,1.9623475517746118,0.27637732637732615,0.8728811874467992,0.19362055334373857,2.0777060021087586,0.3694679159720852,0.8382891342473274,0.2242127547690801,1.9290013447673413,0.25085052055064877,0.8811524940126236,0.19699860250287768,2.059678491601192,0.3512867765593871,0.8436160248988986,IMG20190614094149.jpg
1.0,0.26587464649407844,1.788745524844842,0.2375238958572293,0.8879098324988218,0.24518241972372817,1.8719810723170902,0.29504458433258945,0.8638879627333756,0.2705851065007247,1.7672456899018596,0.2229344500912815,0.8933560761905482,0.23663045256712537,1.911965732160885,0.3314614732190102,0.8524475372832164,IMG20190614094215.jpg
1.0,0.26537221150184337,1.7852972987339346,0.23248171581504914,0.8893557891370862,0.24138187757310145,1.885173485724523,0.3034548422617699,0.8609875192828068,0.2622682500583324,1.8010049471884806,0.24393379631913956,0.8856254151589849,0.23205472948181893,1.928459945306109,0.3441458168847521,0.8483868566138495,IMG20190614094219.jpg
1.0,0.22011347098791545,1.9737239034453906,0.30547045547045526,0.8634999204999202,0.19444006494049956,2.0972778011725337,0.4236364685370457,0.8257523487406896,0.21799105289961562,1.986194708528373,0.3174554078057928,0.8604032790329386,0.1924594863443446,2.1085835249207627,0.4375398198361637,0.8222955090532346,IMG20190614094222.jpg
1.0,0.21878349956392784,1.9833138254017217,0.3118446368446368,0.8616298004420178,0.1914181875282482,2.1166956896207996,0.44526544654832023,0.8205330828769686,0.2167030942913698,1.994840378015387,0.3230029111363302,0.8587256790732074,0.19316061071220075,2.1073325112311974,0.4326755134965526,0.8235338272534058,IMG20190614094225.jpg
1.0,0.2121721314667469,2.020967237707339,0.30054275423101623,0.8669065768493004,0.1862485105515794,2.1531660044199215,0.42397677869133943,0.8275150547534803,0.21211143377368624,2.0206227835397033,0.29875772375772386,0.8667464716401374,0.19121908636114343,2.1232212927965413,0.38778635186589,0.8361583276755142,IMG20190619094013.jpg
1.0,0.20109350333081039,2.090183086156864,0.34250783293037945,0.8542843586148341,0.1774684258754916,2.216593124306882,0.47822122998518113,0.8156012638448584,0.19958552259022366,2.1008822148474957,0.35436970436970466,0.8515610369501774,0.1781018567260229,2.211955322554967,0.4707982725942957,0.816834215064604,IMG20190619094015.jpg
1.0,0.2077081377318346,2.0470225830776294,0.3153670375487244,0.8617640292430225,0.18205242107113273,2.1815116116495123,0.450688194754904,0.8214065540624799,0.20447549763394396,2.067632646038987,0.33688780355447034,0.856558856411043,0.18395462526020892,2.1701662921894167,0.43641676547385344,0.8247553371086555,IMG20190619094017.jpg
1.0,0.19732040888924784,2.1132833534384106,0.3668784230522524,0.8484549707382956,0.1754452645826205,2.2284895407268905,0.49332723675250933,0.812080568797167,0.19873720468987338,2.103012996356863,0.3525727359060694,0.8507671037429712,0.176086285909307,2.223894810949714,0.48637972627709625,0.8134162612546189,IMG20190619094019.jpg
1.0,0.20124194827618053,2.0765352697997708,0.3559070780085852,0.8521262484872262,0.1795080516079701,2.187634457064114,0.4737715898716537,0.8172379521418884,0.20327050589850032,2.062612794973886,0.33872978872978865,0.8553724902186445,0.17976923013285,2.1860791145218808,0.4729336185397761,0.8176887793565152,IMG20190619094021.jpg
1.0,0.20379550881983038,2.062357628973345,0.338446427690334,0.8560524888822336,0.17951037401849484,2.1889380217534,0.47305209460437175,0.8171379967991672,0.2020771039502873,2.0720680512802274,0.347378855712189,0.853363701848619,0.18097247913538012,2.1798631907935007,0.46020916578966603,0.8198151863291661,IMG20190619094022.jpg
1.0,0.19551800250615714,2.1090354994970086,0.3733871564612425,0.8466092504990503,0.17392900700508862,2.223283642309789,0.5035553617978249,0.8103417472907718,0.19650446975112015,2.102551243352429,0.36469086469086476,0.8480851414516571,0.17396549105811754,2.2223864619927105,0.5016332110623325,0.8104874173741847,IMG20190619094026.jpg
1.0,0.21709947476725994,1.9923885466311653,0.2928754255686585,0.8697067727281117,0.1899107353923726,2.127628138375866,0.4176614490918534,0.8295216737294988,0.21555686658825285,1.9994636088750772,0.2974349724349725,0.8676066797175392,0.19543532451640322,2.0958790563723837,0.3808730883778989,0.8387993322008336,IMG20190619094031.jpg
1.0,0.2006284148215264,2.075134321734606,0.3325035772437955,0.8565386604544144,0.1794020175054293,2.184735434728627,0.4398439324674092,0.8228423277293213,0.1998816756583733,2.079564364103926,0.3364262280928949,0.8552112572602771,0.17585545866471125,2.2053243770298754,0.46694378958650906,0.8164515625089899,IMG20190619094034.jpg
1.0,0.1919005365850704,2.1399378051527305,0.3833645828193615,0.8436898344607133,0.170693475397433,2.254641764367156,0.5162326092409477,0.8072162173516738,0.19290597728318432,2.1330827067150335,0.37371517371517393,0.8452487904976592,0.17075687843714835,2.253761534100064,0.5155054006882102,0.8073810711112153,IMG20190619094037.jpg
1.5,0.19106901791941547,2.099706016413337,0.29276710943377615,0.8650467341342151,0.18067603542125954,2.146098427848429,0.32374541098081844,0.8499776618366965,0.21835614162171865,1.9513972394470518,0.19725693245176898,0.9026444085430099,0.17373623478241382,2.188435252051641,0.3608222485708052,0.8381988423757281,IMG20190614102506.jpg
1.5,0.1914433206944399,2.047571747737746,0.23320259986926664,0.8862412753061322,0.1761906191387375,2.1242029953691284,0.2799111182690399,0.864695462367424,0.19688811875638143,2.020525453189692,0.21723337198401355,0.8932950206652945,0.16513242962661648,2.189540142808136,0.3296315733775643,0.8463240271601591,IMG20190614102526.jpg
1.5,0.1974420345772501,2.0355614272761837,0.225329608662942,0.88967342388911,0.17351658971853076,2.1603332497366177,0.30558309198463135,0.855015634648129,0.20346801074474982,2.0023080637197292,0.20665829920560524,0.8981169566435151,0.1799350446572556,2.123777799801525,0.27921846523514243,0.8653150594893037,IMG20190614102532.jpg
1.5,0.20210911111736626,1.9939124974272329,0.1971842971842972,0.9022570022570023,0.18128082658414715,2.10146292922961,0.2576243512741267,0.8741602886416678,0.19854552758095542,2.013158417351087,0.20736141264123947,0.8977313108965893,0.17282927911387497,2.1483601373983965,0.2898279351133745,0.8610809531422292,IMG20190614102534.jpg
1.5,0.07437352855869654,3.028049511887873,0.8345848835065188,0.7277885791059271,0.06705090010521945,3.1264143527505754,1.0399980194803096,0.6942128489798028,0.07980067357997438,2.949206364243363,0.6904420097712277,0.7520217005757072,0.06107354296569583,3.225268871443317,1.3528777391960791,0.6583695704165241,1.5_j.jpg
1.5,0.08144376829967935,2.9492066195032764,0.8957053197605054,0.7145347386706373,0.07095097842352913,3.084622503912859,1.2547650320257495,0.6639839346963232,0.08366571133965114,2.9205023654277698,0.8366701641371012,0.7240066568497064,0.06727155404647212,3.140917577678724,1.4614485398923804,0.6421066036065336,1.5_y.jpg
1.5,0.12879898192201625,2.5161568753487007,0.4608693775360441,0.8197162420706916,0.10951826221224825,2.6696259632810126,0.6671069410004626,0.7710328435868944,0.13537903055411185,2.4493474123226,0.3822698228647556,0.8358827921749357,0.11915468724645889,2.5805622434084055,0.5262009508321246,0.7977544835047757,IMG20190614102252.jpg
1.5,0.11669395803647865,2.644665319895994,0.5731410564743901,0.7936186957529344,0.10156784158325202,2.7801761840699655,0.8048541865090935,0.749359261461288,0.11833546125181793,2.6269933582251306,0.5497566857453006,0.7978664892483499,0.10103386114221179,2.7861090657382874,0.8159499019024357,0.7474777438638135,IMG20190614102254.jpg
1.5,0.10572821064028928,2.7555208789689356,0.6763890430557096,0.7735342039293773,0.09092832870066003,2.9066340922318314,0.9950955845760208,0.7236528502392559,0.10520339892157649,2.7617907068300074,0.6960622563773622,0.7716903172859335,0.0909348761384522,2.9078763900431084,1.003058163417368,0.7231354572462757,IMG20190614102256.jpg
1.5,0.11132376045802123,2.7107662184381685,0.6491785991785991,0.7818397344633968,0.09724602526045178,2.839621731562155,0.889896243969368,0.7385067464047023,0.11439026857902482,2.6719467224386966,0.5819219667439681,0.791261352410708,0.09729532200278873,2.8416030977485707,0.8986122565340008,0.7381021183896146,IMG20190614102258.jpg
1.5,0.1272904314435417,2.5223822177805233,0.43963813963813964,0.8204264621459191,0.10506606431830903,2.7197396544005623,0.7300223592718776,0.7602914462983131,0.12234345098770034,2.5750778095123117,0.5152467681452608,0.8072305610848205,0.11032638151522511,2.6675635968726708,0.6320222907779031,0.7766324469731629,IMG20190614102300.jpg
1.5,0.10590700104978522,2.7600855252360006,0.6706965873632541,0.7750515119888994,0.09112700156727721,2.909102849029969,0.9756238582409203,0.7257102444341441,0.10613956459317869,2.75353646627901,0.6626276705975233,0.7762959296528195,0.09157741515831871,2.903927555287385,0.9637611337418907,0.7271721074829789,IMG20190614102302.jpg
1.5,0.10741280839415723,2.7503907389362205,0.6679385429385429,0.7766734364441569,0.09366051014110816,2.884563050198679,0.9325858851195606,0.731866110921275,0.1085191303608423,2.7341063071379654,0.6404416662554893,0.7803336453884175,0.09251589243709331,2.8982694526271904,0.9690916310544279,0.7274915746454451,IMG20190614102304.jpg
1.5,0.1163440439798238,2.6364380878278766,0.5470137886804554,0.7966616746609205,0.10065282850816185,2.7821371872456298,0.7914722533067624,0.7504829921560103,0.1146693624871148,2.657783726271979,0.5898122563773622,0.7911838782116878,0.09862442032770434,2.8050914778666933,0.8475802343666358,0.742889338261937,IMG20190614102306.jpg
1.5,0.14859780313569837,2.3680288401862346,0.3391441891441891,0.8499556292542724,0.12821308586393754,2.514239957859045,0.4834804565401101,0.807515694630361,0.13876105744837203,2.4462528105653214,0.4196473947796912,0.8297840055488227,0.12031227717391954,2.5841874194942385,0.5876184490680962,0.7868544487825326,IMG20190614102307.jpg
1.5,0.14576496705203384,2.360430644130157,0.369916194916195,0.8391895963276054,0.1352400311882987,2.421989682646244,0.42280034839367725,0.8186892043436588,0.1573167030744546,2.279429988089116,0.30047953569842606,0.8608399368710516,0.1260933781465426,2.5001696395800317,0.5173158630503082,0.7962413265737419,IMG20190614102315.jpg
1.5,0.12165973808771854,2.577069318504789,0.5092053008719674,0.8036597801341394,0.10331454537191827,2.7353845770594907,0.7527796366795727,0.7522283649801287,0.12430922319561492,2.5474544153255465,0.47226032466571277,0.8108423635664804,0.10837233062758111,2.683074684657793,0.6537719045737006,0.768387772179041,IMG20190614102317.jpg
1.5,0.1215101945796508,2.585603269413373,0.5019243102576436,0.8039764298912113,0.10115690613518259,2.768231253608524,0.7946239017438504,0.7456149941438396,0.11946671883211216,2.6043204482631794,0.5337093551092912,0.7984336049066596,0.10621333861622334,2.7174674243730434,0.6971810409911755,0.7615339663771916,IMG20190614102319.jpg
1.5,0.11640225028297856,2.646152436243463,0.5652051652051656,0.7930168367543932,0.0990793916742886,2.8018556046622654,0.827412461152038,0.741885005720043,0.1163617105897871,2.638326863802171,0.5522585977204325,0.7939316047604398,0.10073931772425208,2.7865780301224485,0.797107579660498,0.7468944553168982,IMG20190614102321.jpg
1.5,0.11258139586278003,2.6748322445774733,0.5945320111986778,0.7856042361125317,0.09646839952659914,2.825983390736051,0.8655873620594594,0.7354027909210339,0.11355479521088006,2.6621672169037423,0.577823863916712,0.7883546688873343,0.09773368601702997,2.81310567681288,0.8374141241363814,0.739529506126495,IMG20190614102323.jpg
1.5,0.151487129549268,2.3112405408169763,0.3285621785621786,0.8511465147890485,0.12556887418327162,2.4932571590722667,0.5134542838199028,0.7966768814144584,0.15434072131458662,2.2895915615238733,0.3126051586322594,0.8564509921967258,0.1433547090198619,2.355235534168051,0.3619607295040265,0.8368826326982012,IMG20190614102325.jpg
1.5,0.15784550634851055,2.2896749470392996,0.3056048889382223,0.859117334780985,0.12761343921250634,2.5025882657310015,0.5184364491612728,0.7970767006574273,0.14773591170318123,2.364404442047825,0.3743431440272363,0.8396747555287334,0.13594947728570064,2.437508016169301,0.44060045150487737,0.8161321693714255,IMG20190614102327.jpg
1.5,0.12898026827220577,2.5207015428879433,0.45021305854639165,0.8155472829190783,0.1065775787254581,2.7153631272556447,0.7372568039662332,0.7552222269725951,0.1236275357620515,2.5741567033474158,0.5281609266294961,0.8014484916311595,0.11031849168155482,2.6795520367555077,0.6740137253286707,0.7662312211102914,IMG20190614102330.jpg
1.5,0.12363568305851841,2.56475132097134,0.505065921732588,0.8042122365666862,0.10531157232448203,2.720161858901467,0.7418301651784652,0.7536245820930569,0.12570074309348356,2.541688082401094,0.47806070212660967,0.8095633166426869,0.10900940176200749,2.683095257012411,0.672110395009689,0.7650292178775745,IMG20190614102332.jpg
1.5,0.12758154239132619,2.511990740629857,0.42743521910188575,0.8207771818216766,0.10462259376912404,2.7154779211289584,0.7173670175594485,0.7585279991241582,0.12068832682976226,2.582640450499846,0.527714696304337,0.8022951690331227,0.10814942775789253,2.6786741655742157,0.6553222749502419,0.7692998516595843,IMG20190614102334.jpg
1.5,0.14034196438210633,2.3918274832351742,0.35904620071286725,0.8446524972580782,0.12713804860088748,2.4756446100071705,0.43216828784500366,0.8177643120215662,0.15854819145935006,2.255085533764365,0.25313995657966143,0.8787320643462,0.12763055511111482,2.4767500480365485,0.4333826675071062,0.81845123567721,IMG20190614102433.jpg
1.5,0.15251355116353793,2.3320483971352908,0.39200429200429177,0.837373467454915,0.14071654238009265,2.397711017659608,0.4495626721412481,0.8150203970126244,0.17115745045495923,2.198063118037592,0.27223287857107625,0.8714983294567298,0.1368384365895418,2.429019498093989,0.4879415123161116,0.806325875056962,IMG20190614102441.jpg
1.5,0.13225296447203128,2.5019392723353864,0.46845253511920193,0.8141368316089284,0.11167788434311776,2.667079573854883,0.7086935823305289,0.7615297019877634,0.13286157568116447,2.493245873556909,0.45945440864459475,0.8158226293706305,0.11828956702162649,2.6064447443251133,0.6029567799933419,0.7799937907910587,IMG20190614102443.jpg
1.5,0.13246058239562164,2.5052836425652574,0.48113799780466454,0.812981591734231,0.11406932629224315,2.646564034432192,0.6789005544618121,0.7671260456952644,0.13743953332407396,2.4577685130790865,0.4240387699215475,0.8247177507963744,0.11938075636968358,2.6018703635364244,0.6061454522006161,0.7810045928077847,IMG20190614102445.jpg
1.5,0.1286256419214099,2.5295597204155746,0.49153870820537504,0.8090684235586196,0.11036586096479756,2.6778202006295113,0.7101529359386959,0.7612495988619449,0.13115226029835403,2.5056601659005473,0.4624938323382838,0.8150428799541651,0.1139237446324182,2.644421548265269,0.6492189064350709,0.771448115790266,IMG20190614102448.jpg
1.5,0.12269673449670916,2.5858773161839803,0.5365807032473697,0.7992073215662963,0.10534879229414908,2.7350468506180823,0.7798631416335069,0.7506891537288096,0.1234068414719342,2.5770837261851955,0.5270322445354517,0.8010799558211079,0.10731560571843586,2.7158727817348116,0.7418403467152664,0.7564871879598514,IMG20190614102450.jpg
1.5,0.13976853119909657,2.4369904404146956,0.41946356113022787,0.8263426339798889,0.12423840154472221,2.547242852741276,0.5444326893974104,0.7914414859892724,0.14189280024522782,2.421035632263282,0.40332406128188697,0.8307177126212867,0.11943387681934653,2.591920372017159,0.617807322746386,0.7781912678301771,IMG20190614102452.jpg
1.5,0.14815202835557986,2.3608673483242546,0.3766986100319434,0.8385280215536627,0.12584855245916668,2.5170667261929385,0.5520438509534087,0.7903151173414916,0.15502964183504517,2.307198364288735,0.327614163418365,0.8519083810038698,0.1389338137036308,2.4138250311371867,0.4214597793815242,0.8207917741140396,IMG20190614102454.jpg
1.5,0.11700962461448884,2.646960806536031,0.6049909966576633,0.7868565620948541,0.10100917886197398,2.790260468511505,0.8652455092480751,0.7392487972218382,0.1181477198680273,2.6318938575967294,0.5811821557211228,0.7903651853094745,0.10205510001047677,2.780417162428483,0.845396140457077,0.7422062139505263,IMG20190614102456.jpg
1.5,0.13197430181005249,2.5041318134032724,0.49860787360787373,0.8117599031286817,0.11840944606415132,2.599238206573545,0.6163899294110966,0.7794636379921066,0.14178038770656326,2.4115828347723687,0.38145414960280255,0.8350230029109853,0.11669154420204167,2.6157147808453165,0.643456773668448,0.7747182692441718,IMG20190614102458.jpg
1.5,0.16187636028627858,2.2671788374483928,0.31128377795044443,0.8571358976939674,0.14622130808351913,2.3631708435561016,0.38808285055879665,0.8288152508618116,0.15969080147720022,2.2837706919957337,0.3241013716879655,0.853350393569378,0.13449700505824635,2.450920556974734,0.48936970425103843,0.8031274778888255,IMG20190614102500.jpg
1.5,0.13968679667641198,2.449359188496326,0.46002824336157677,0.8139006542792366,0.12427644598476034,2.561144148244123,0.6023890821838224,0.7776666764147429,0.1397989653767708,2.4490026292278877,0.46085755168500514,0.8141676114395022,0.11790255585155482,2.6169240449872198,0.7042877536783887,0.7597135246714538,IMG20190614102513.jpg
1.5,0.13255093113625516,2.5163173472199234,0.5353159186492522,0.8000466158369628,0.11653996502936172,2.6349077462111223,0.7111035212382234,0.7592477155417194,0.13831715595225588,2.4589693424228245,0.45449499185868664,0.8144662039261487,0.11684954149067812,2.6334365446496455,0.7095796845636487,0.7598864704973443,IMG20190614102516.jpg
1.5,0.14020534692753925,2.441977875920558,0.4581945831945832,0.8148804638012789,0.12594305854787718,2.5424950510293325,0.5812611591957327,0.7819143552766162,0.14224585234388937,2.4240991103001885,0.4363595993486951,0.8197196094423898,0.11895988802565184,2.6027258275398086,0.6861331479676571,0.7627090367927255,IMG20190614102518.jpg
1.5,0.1682604688453932,2.2153902041435987,0.31232224565557903,0.8568352021142366,0.15501829987154406,2.289186124754616,0.3689998738106498,0.8342603860620688,0.17300415796842605,2.1844935663559943,0.28720333547145616,0.8650307450959557,0.14244407178738458,2.3755998226222808,0.4609644507014616,0.808673820506443,IMG20190614102521.jpg
1.5,0.19272780613504184,2.0591473820932644,0.23837428004094677,0.8841653245084615,0.16334220413780942,2.22100061854777,0.3552986105904643,0.8383946768356076,0.18357694352695017,2.111472571243055,0.27387563526915665,0.870678798057248,0.1640301245315182,2.2159642037321197,0.3517230399847463,0.8396792561264507,IMG20190614102523.jpg
1.5,0.15729735288047855,2.307071708610004,0.3558583391916724,0.8420468051765186,0.1297172759358954,2.4998698959098706,0.578211943189493,0.7831214613631701,0.14856114128309808,2.3730790982999967,0.42866544135787266,0.8244799507367278,0.13378792671811884,2.468154116308245,0.534406652431027,0.7927543722434864,IMG20190614102529.jpg
1.5,0.20294407910404558,2.0360830725277346,0.25695785695785717,0.8763337781889817,0.18101059168865105,2.1479121661446947,0.3368876152711943,0.8437756059496996,0.2058120325104825,2.0230079628043267,0.24879113830364638,0.8801240553988867,0.17634847772249884,2.174301611193309,0.3608691453463743,0.8359777624653297,IMG20190614102546.jpg
1.5,0.1815726267814919,2.1609010612700366,0.3080922164255499,0.8574820552610901,0.16308510766007492,2.265717053204953,0.395512595640883,0.8263556161605434,0.1759562149682778,2.1983426537208963,0.3397219001332216,0.8480385393918968,0.14976389021767936,2.3536653733162964,0.5002068703159145,0.7991994615659861,IMG20190614102549.jpg
1.5,0.15869405565253442,2.2668648976688623,0.30531413031413007,0.8599834262617071,0.13299781839270794,2.4410408493794233,0.4690118756828186,0.8090402564197982,0.15395879395010398,2.2979853069839558,0.33249617604973597,0.8515775137212332,0.1378233483061052,2.400469977584826,0.42176491695414076,0.8207843708805864,IMG20190614102604.jpg
1.5,0.11780369555184764,2.6263658039864537,0.5871135037801704,0.7939526038998131,0.10265733822183355,2.7528702177420667,0.7907083295152567,0.7512949134576692,0.12752903370073163,2.523989096578833,0.44177758178319454,0.8195778449202173,0.10695640274944196,2.7102182247906788,0.7083162484060492,0.7644356355573957,IMG20190614102606.jpg
1.5,0.13138518230751098,2.471323036296423,0.40661406494739805,0.8284483361142486,0.10858242993988565,2.669977216975562,0.6770037033026128,0.7691610889196066,0.12146973433516421,2.5689533798639586,0.5375610598509895,0.803377733073666,0.10718882779573893,2.681567418566396,0.6945008285611237,0.7656192479865274,IMG20190614102608.jpg
1.5,0.11985563457575496,2.576681437722826,0.5242439659106323,0.8044859186390106,0.11018007522963241,2.6459984217542662,0.6063265601431094,0.7803647447370797,0.12932041439908293,2.483008431555528,0.4039325011101791,0.8288527381361726,0.1035068862620615,2.715303220430072,0.7306064092465635,0.7595830709629147,IMG20190614102610.jpg
1.5,0.1479340595329133,2.3467699287184516,0.3831871831871832,0.8394912874460388,0.1291778707003843,2.468687605078897,0.5097923244170837,0.8007495358293379,0.16290799687659344,2.232749220287013,0.28272530468248885,0.8678799166212693,0.1385612071436291,2.396704675271307,0.4225127971118992,0.8221095645025015,IMG20190614102617.jpg
1.5,0.12375397293398019,2.5638697431252346,0.5246324662991334,0.8034555380068202,0.10946188193738451,2.677599135001244,0.688378022566605,0.7655515212531395,0.12901382097709302,2.5119542074255343,0.4565660926629498,0.8164454582383031,0.10782232821365036,2.6937371010197344,0.7200318034185901,0.7601999158328628,IMG20190614102619.jpg
1.5,0.1302818033594201,2.465839332339936,0.40989689323022654,0.8267968950397308,0.10957607133184562,2.6396004447512196,0.6348145001127683,0.7738083786848078,0.12560868199791422,2.5150171587875425,0.4768391967237381,0.8142592275113295,0.10988143103328835,2.6364035043958505,0.6319467005804403,0.774288646240501,IMG20190614102622.jpg
1.5,0.10761595583208124,2.7168481146821093,0.6449892699892699,0.7783005375599462,0.09252435747174544,2.8632556092212993,0.9285688060543735,0.7290988556550757,0.10813708964214296,2.7073036252667686,0.6326152119208569,0.7800044817652906,0.09288093223393767,2.8594207649548657,0.9214244525341381,0.7299791111533178,IMG20190614102624.jpg
1.5,0.11646902762481354,2.658412038976874,0.6346409804115064,0.781685536513164,0.10029950337081553,2.811604651575618,0.9457206846558995,0.7311175286898423,0.11539364477793335,2.672090848014949,0.6600834350834349,0.778059576608578,0.10044645772258945,2.8082429161910345,0.9321838686816233,0.732419486773333,IMG20190619093835.jpg
1.5,0.13329365203160687,2.4967899560032203,0.463258930774165,0.81571968195258,0.11075972804096755,2.693859886231079,0.7786456766572227,0.7554840834077148,0.12607411123382808,2.5716590218546145,0.5783472700139368,0.7965739840347684,0.11297093439184328,2.6697295219277994,0.7232399131052117,0.7629305987688052,IMG20190619093840.jpg
1.5,0.13144803990708678,2.516727375741764,0.4964437262545025,0.809488625552554,0.10989465694434804,2.7057119443519255,0.8168150239991163,0.7507607340388538,0.12551842725117493,2.5777031569557645,0.5923228006561341,0.7936842938977176,0.11224036205959298,2.6798182105189396,0.7551371252461698,0.7587170591705744,IMG20190619093844.jpg
1.5,0.11011794562138465,2.7189464502871963,0.7114397789510039,0.7688807227928096,0.0950902758156704,2.8666781804888712,1.041726097531101,0.7185686123323186,0.11013789196113044,2.718265463551534,0.706027922694589,0.7689236924365124,0.0955190368462657,2.861581597002989,1.0234730702979578,0.7206111459433725,IMG20190619093847.jpg
1.5,0.1314584877731509,2.514564810648272,0.4911719174026744,0.809987763590716,0.110021789867117,2.702505149666978,0.8052327545592461,0.7517628948599028,0.12523465437501496,2.579055560885139,0.5935404102070769,0.7933840184247057,0.11168364371353391,2.684262701213751,0.7620216953122665,0.7574415829262454,IMG20190619093850.jpg
1.5,0.11044371697238758,2.7337640137354158,0.7544274559628955,0.7634782023928034,0.09574058255204579,2.8769711961589235,1.0931095369838153,0.7140389547935493,0.11121303337446246,2.723582822798781,0.7249568332901668,0.7660704559490381,0.09637824116679423,2.8698064431936987,1.0685291474258762,0.7167556635208798,IMG20190619093854.jpg
1.5,0.12113228266913453,2.6201261591434717,0.61458528642621,0.7856022082392189,0.10339685982516156,2.783637189827711,0.9457083433991706,0.7319523579803182,0.1191461694773815,2.642334740216085,0.6541769958436627,0.7796946801124229,0.1048164795814434,2.766784581711939,0.8955142925636833,0.7374429145466199,IMG20190619093857.jpg
1.5,0.10883968861499733,2.7451056571260115,0.7581681427937043,0.7618500900014936,0.094587630340531,2.886345096171986,1.0945420483585973,0.7131828230397834,0.10911552450168156,2.7418788292751337,0.7472397972397972,0.7627427298603773,0.09419496037571823,2.890611361329815,1.1049963269334662,0.7119794829963122,IMG20190619093900.jpg
1.5,0.12597287128450269,2.5631838645417506,0.5398751665268664,0.7985207004980515,0.10807653283211842,2.7238097048049346,0.8246548073360129,0.7477057428692722,0.12179964050846763,2.6116141408303113,0.6271947188613857,0.7864334949244083,0.10624881082785316,2.74176722541681,0.8641721284440981,0.742240798253325,IMG20190619093903.jpg
1.5,0.1134496820121361,2.6988064766586835,0.7016082177924705,0.7715068185834364,0.0977229097840951,2.8500698420649853,1.0397234200954533,0.7203768027598743,0.1130688123363503,2.7025362877682,0.7038609538609536,0.7704303825435046,0.09856992466465644,2.8401217670305132,1.0086539977495712,0.7238874984548691,IMG20190619093906.jpg
2.0,0.23133310392965858,1.8642995543046506,0.24195249195249188,0.8837159979467667,0.19902335850714883,2.0097417928704058,0.35214418537061276,0.8405455977444052,0.2395536759791519,1.8261303879974624,0.21851470370553125,0.8935784005807541,0.22073125521861622,1.9043531150281334,0.2668374079535079,0.8715511572056109,IMG20190614105855.jpg
2.0,0.21903860251113813,1.9130265288022146,0.2660715827382494,0.8739438386874288,0.1911700999595321,2.0401966110450815,0.3679854225075521,0.8349781613713997,0.2336949934438838,1.8427065899870314,0.22070607391325808,0.8924806608920233,0.20791269617838418,1.9556076311390682,0.29411590476375576,0.8603086286405158,IMG20190614105922.jpg
2.0,0.21297928940592867,1.94237934268171,0.25641087307753974,0.8774695856068402,0.19030523626207047,2.046474057299776,0.33149294342366825,0.8463117540972879,0.22363512040558833,1.8886408267821646,0.22198339665466035,0.891344041491786,0.19146598814383206,2.040267591622615,0.32598442348282,0.8480047305614223,IMG20190614105924.jpg
2.0,0.2256166509748986,1.8756913212271205,0.23428392595059258,0.8858189323385399,0.18602847731391012,2.063240416175367,0.3798287095272341,0.8303720176489295,0.22281565042415172,1.8883705518858822,0.2423360635515863,0.882447059694258,0.21536792455976325,1.9140850959542333,0.25709892226890296,0.8742559388259873,IMG20190614105942.jpg
2.0,0.2514609531591728,1.775544081162882,0.21531277364610701,0.8942635668616058,0.21611698820904968,1.924617973019557,0.31848433323738,0.8507490522922737,0.24804281538001755,1.7912695851674592,0.22534908965313077,0.8902005896619496,0.22577529129765186,1.879515411496243,0.28253055000970334,0.8640271841532075,IMG20190614110017.jpg
2.0,0.22675674495871773,1.8763711182808303,0.23565385232051908,0.8850200525690721,0.19750467814312955,2.0087578175831142,0.3295822083506497,0.8461065812346799,0.22886435209492567,1.86656434806647,0.2298261952928407,0.8876192862056257,0.2022054007956481,1.984982402988892,0.3101360901232613,0.8532450980664391,IMG20190614110021.jpg
2.0,0.23846479471003598,1.8592440175114329,0.21961001961001966,0.8921219521219521,0.2144288577085446,1.964606683548114,0.28659174906769525,0.86229795978881,0.2477828889456326,1.816147033287718,0.19568849607736724,0.9030246521438791,0.21583942730832037,1.9572788988863854,0.2811717776438752,0.8643667591371623,IMG20190614110117.jpg
2.0,0.24942872086103846,1.7810146688082704,0.21982492815826152,0.8925210484448793,0.21888370628707718,1.9105758044265246,0.3086625440698563,0.8549750312154567,0.24521022296741643,1.8006529203859143,0.23223220012828746,0.8874043214266017,0.21842557947521535,1.9129199381770656,0.3109080357316405,0.8542563788950989,IMG20190614110125.jpg
2.0,0.05965061809603541,3.2102998614364635,0.9695302839664192,0.7043916506401928,0.04840996365558609,3.417635686283911,1.5934674728467018,0.6310729403909492,0.059436314107226204,3.217013680282265,0.9922909922513403,0.703553820936607,0.049282087371313246,3.39977394451296,1.5214260691330235,0.6383583984645816,2.0_j.jpg
2.0,0.08040498255406704,2.9780191293417544,0.8944006659869407,0.7159825293358338,0.06570205172598903,3.176677843723318,1.4671805165697263,0.641990064007981,0.07983081061782137,2.9805610901487714,0.8896134617365888,0.7159610627203074,0.06792703420028164,3.1442790309266533,1.337302511834792,0.6557395732695892,2.0_y.jpg
2.0,0.18551087447219602,2.1741540769948653,0.3577959077959078,0.844082171163619,0.15829854809900556,2.3323916644354767,0.536900203353058,0.7939337808786553,0.19108704006271077,2.136595240589747,0.32242993536290515,0.8537783092881973,0.17212700252932198,2.2408378863617293,0.4175414303701666,0.822248484124498,IMG20190614105840.jpg
2.0,0.15002699028465943,2.4522762019844944,0.5756493506493502,0.7946940858456698,0.13260430102643014,2.5752921748414814,0.7969619528310999,0.7527121371712554,0.1517953207171797,2.434883477745854,0.5467277470765286,0.7993603116046313,0.13108343274948114,2.586884889652581,0.8239044589269093,0.7484561766348731,IMG20190614105846.jpg
2.0,0.1845468300330824,2.208228437242524,0.3905199738533072,0.8365463194950378,0.15619986376208667,2.381771326186397,0.6262626262626264,0.7817153503272054,0.18404123441967152,2.2117185770496164,0.39628336704988415,0.8355109277539615,0.16893472167994789,2.2908524195515065,0.47804752679672513,0.809512671237759,IMG20190614105848.jpg
2.0,0.15269152496252036,2.435405630420766,0.5640421307087973,0.7983978844763154,0.1364660480975858,2.5466649590706414,0.7551528603484987,0.7606642807865306,0.15482842838667712,2.4166225967317696,0.5334062145359451,0.8034780743548199,0.13255427788185895,2.5781527315005355,0.8286475124191607,0.7499251686422759,IMG20190614105850.jpg
2.0,0.1754347269890573,2.2486928288452437,0.43306508306508307,0.8275701003619556,0.15655237469129135,2.357353283986288,0.5691645678816938,0.7916699744311718,0.184687132195121,2.1854475939873383,0.36014703705531176,0.8446045611587927,0.1569984846185876,2.3541779613765916,0.563121980055912,0.7925614643684294,IMG20190614105852.jpg
2.0,0.19522587315090068,2.1361974833857897,0.3438459688459689,0.8491486746577245,0.16509530747054388,2.3120037039400914,0.5526294435851844,0.7950785964573082,0.1916222267792445,2.1605011397427556,0.37182427098238513,0.8427593603668506,0.17511171243639567,2.244565574623253,0.4538450882261019,0.8156105448223324,IMG20190614105857.jpg
2.0,0.20079618155721055,2.1081971082907507,0.3217899384566053,0.8556999709412982,0.16689898768597314,2.304060233531836,0.5473057339638479,0.7963246362974695,0.19282045998453018,2.1587137578825484,0.37533983816055627,0.8423979404650132,0.17957913557245875,2.2207360697432454,0.4294010695550144,0.8215758829198816,IMG20190614105859.jpg
2.0,0.17944204604994937,2.2415250501752424,0.3996626829960162,0.8331598956108763,0.15511642763608868,2.3923276598795065,0.5966824850724788,0.7857931143310157,0.1765837147717538,2.262135989828441,0.42724379533231355,0.8277980010880667,0.15665186594294397,2.3801596711788737,0.5772487081018193,0.7892579033642305,IMG20190614105901.jpg
2.0,0.1452232472000101,2.4693582734621224,0.594853911520578,0.7916283921675894,0.1269206027328081,2.6045154325020157,0.8564461932005231,0.74543895979507,0.14692829207085426,2.4525023663669994,0.5657630014308981,0.7960851426843168,0.12812398154855306,2.592305508051902,0.823553350172978,0.7491573669900649,IMG20190614105903.jpg
2.0,0.19133769330047332,2.1380873008947847,0.34335972669306,0.8488492398975057,0.16042794157202978,2.3207135289237573,0.562481777363111,0.7926224984822127,0.18768449528301412,2.1617821783115216,0.3697553288597226,0.8424438984715783,0.1741737529424349,2.2274804252253673,0.4296660980432628,0.8208500993204612,IMG20190614105905.jpg
2.0,0.18671075908949655,2.177495177984025,0.395345703679037,0.8353600228585145,0.16527511955263757,2.29363419608909,0.5299206056101503,0.796922986012523,0.20240098346844432,2.0788118186235747,0.29991211082054575,0.8615314065427894,0.1728323209751696,2.2441531693509105,0.45988212248635607,0.8123021249610693,IMG20190614105911.jpg
2.0,0.1741535554477499,2.2778489057069637,0.4539004205670875,0.8222031570146199,0.1534039092381456,2.4035273506084405,0.6274612708224,0.7806986650491157,0.18727787460417117,2.18928207815056,0.3528833818522723,0.8464207422522989,0.16155328636123664,2.345136134136567,0.5299280103641874,0.7989930805400746,IMG20190614105913.jpg
2.0,0.15538701070931177,2.4005335022955223,0.5269517519517518,0.8025554083631007,0.1373702902725672,2.520388976997544,0.7146948269462703,0.7613829168287151,0.16126871256376624,2.350941385043435,0.4554275423101595,0.8158840290124877,0.13761523087052635,2.5179705665570076,0.7092890479676881,0.762103793454206,IMG20190614105915.jpg
2.0,0.17277854004325566,2.2437787195792547,0.39175423342090016,0.8326955956631673,0.14666978784733634,2.4127931056367578,0.6134184633222476,0.779437625335825,0.16360736558036992,2.3113880087182537,0.4790395100409533,0.8143534383132361,0.14473572703077067,2.4266669668865233,0.6396337608653195,0.7746862680824874,IMG20190614105918.jpg
2.0,0.15390254804126421,2.3687150809540167,0.49565064565064565,0.806737301429609,0.13383725196482965,2.5076747292814807,0.7145424124256708,0.7600304865059798,0.15425549738525135,2.3653753685283707,0.49231601865100894,0.8076385783188404,0.1338423252914095,2.5059015606180757,0.709921845906451,0.760280667363639,IMG20190614105920.jpg
2.0,0.17236541159249627,2.2840007441889947,0.4405363155363155,0.8220373225463726,0.14845752798857018,2.4347845793060916,0.6563546210755962,0.7726080500023074,0.17906139396231127,2.23580730092497,0.38520778852321486,0.8350322696217012,0.1594102637986899,2.3533983477018627,0.5174244661095206,0.798000181316787,IMG20190614105927.jpg
2.0,0.20544971641717494,2.0704060686882384,0.3234284234284234,0.8546137328942757,0.1743253039635212,2.2367152863794257,0.500184656053803,0.8022738239355225,0.2079122064215466,2.0544998717852954,0.3098543815068832,0.8584970883334188,0.1924253664127212,2.1282565238361926,0.3711062178028181,0.8359050152620692,IMG20190614105929.jpg
2.0,0.2160257597636216,1.9737034809914977,0.27984762151428805,0.8692165009171041,0.18702871827555204,2.1144986284472576,0.40036054981532837,0.8257524737508137,0.22228132703057066,1.93999525687292,0.25507660235851376,0.877946264931044,0.1985346377111715,2.0516961918971695,0.338441379493336,0.8451087741545422,IMG20190614105936.jpg
2.0,0.21631993769888797,1.9344718599193078,0.27152877986211316,0.8714385780411423,0.18469324587241737,2.0848061835592127,0.3994327958407495,0.8252449284634319,0.2246339848415545,1.8932623095312278,0.24352518873044854,0.882341356019314,0.20668455965692786,1.9698223178857934,0.2944694817690328,0.8598440364466853,IMG20190614105938.jpg
2.0,0.18738415380165083,2.1830364783699747,0.4158797992131326,0.8306713757920396,0.166504880116702,2.2936910620837065,0.5489255239094877,0.7928703118696704,0.20170853435551384,2.0905990699264225,0.31792044949918574,0.8551177539184471,0.17217689709112532,2.2576028335656506,0.4940683292190671,0.80448284801226,IMG20190614105940.jpg
2.0,0.188762730979737,2.1790028537520416,0.4176746093412762,0.8310975168840931,0.17144540976354275,2.2657161797341536,0.5131719775722342,0.8009203731205016,0.20742584350721285,2.0625550953007425,0.29804546800217113,0.8620933785839322,0.1719085449276007,2.2637767970405815,0.5103486065641295,0.801763258852645,IMG20190614105944.jpg
2.0,0.1995822483604454,2.0326892584428173,0.3128235961569294,0.8574015252371207,0.17226183067674203,2.17149436837469,0.44570448675644286,0.8134710887833174,0.21280350078562074,1.961374113641057,0.25829858883899925,0.87636175356502,0.19009000351861582,2.0686517366742363,0.3375176364271937,0.8447773734005477,IMG20190614105947.jpg
2.0,0.21067618318591622,2.0303428616996095,0.29843212343212355,0.8616915676078571,0.17808027374076285,2.202147684580214,0.469209952853314,0.8090641306843245,0.20656351180411325,2.054613283847033,0.3208059900330588,0.8553868061603831,0.18840134546225637,2.140389168186431,0.3945981085172874,0.8279830993259656,IMG20190614105949.jpg
2.0,0.1662587416595547,2.316362939618489,0.48639786139786156,0.8115242807844615,0.1450609596391416,2.4494691267008104,0.6902205721961974,0.7659388960539774,0.16961624770762418,2.288481748640468,0.447315216854986,0.8188005304267518,0.14804113588653148,2.4261620805705557,0.642296078473115,0.7733533497326273,IMG20190614105951.jpg
2.0,0.1949921688132089,2.1345113255379173,0.3511507011507013,0.8452825031874809,0.16620381449587218,2.2971787745442245,0.538455201700872,0.7937696967180422,0.19052641847754032,2.162963033674817,0.38235123599940796,0.8376881947768717,0.17121917269485692,2.2652567488106747,0.4930841139949544,0.8039448103810629,IMG20190614105953.jpg
2.0,0.18023532342985,2.212856697133663,0.3945394112060778,0.8333251802045166,0.1560034084657338,2.355655767838825,0.5719876303583806,0.7867500697067166,0.18286315263338254,2.194021997336145,0.37551469137020765,0.8381058135109144,0.16091563479104995,2.3210314907722838,0.5188872135632879,0.7974236748013306,IMG20190614105956.jpg
2.0,0.171705068676554,2.247777269488317,0.4414862914862918,0.8208809417632951,0.15045805607027848,2.3763787474906963,0.6201860999808403,0.7776901013130871,0.17367873819932342,2.2338815731749273,0.4258576133616225,0.8247669413342575,0.15064671429587745,2.374305815592686,0.6154686545963003,0.7781809716752928,IMG20190614110005.jpg
2.0,0.22873873274449036,1.8707437833932052,0.25811040811040814,0.8766616730191387,0.19961227122557168,2.0004375172994893,0.36026349817241426,0.8366992659412386,0.2386397371652937,1.8234924898638523,0.22697210983371985,0.8889860092036026,0.21362094538645346,1.9299384234688106,0.29873523715730244,0.858069004380742,IMG20190614110008.jpg
2.0,0.21828256837214435,1.97280612351971,0.2896184062850728,0.8652913194466743,0.1998425595223493,2.0558857620878594,0.3552899717107542,0.8391691700675589,0.23173669355446322,1.9042265902512365,0.2405206123254552,0.8835640867216774,0.19404073992355972,2.087165983013033,0.3867027895251114,0.8295668483722668,IMG20190614110012.jpg
2.0,0.2077418543747275,2.039232314725,0.3209722376389042,0.8549572104700309,0.18613679929811358,2.1443042495891813,0.4174695425497223,0.8211317077875577,0.22066010940081446,1.9688023250922693,0.2648529629446886,0.8737229242064324,0.1876236225866718,2.1357501306583977,0.40760054807521123,0.8238016412449495,IMG20190614110014.jpg
2.0,0.21996420272317216,1.970319705038388,0.3097519764186429,0.8597941290399813,0.19888421605508175,2.0645716694216905,0.39190894867610704,0.8292667234145558,0.24598604828533766,1.8412374825599909,0.21685282725613073,0.8937406777607175,0.20693930418407874,2.0226628038759626,0.3490236986067646,0.8423006578234291,IMG20190614110019.jpg
2.0,0.2590126063304789,1.7885619471670204,0.2183036099702767,0.8930434289748013,0.21623391207026071,1.9737763961418051,0.35726364719308906,0.8387900847358265,0.2441131676687126,1.8554443249072736,0.2630372033354713,0.8754681087794681,0.22973110044412787,1.9101302618198734,0.30074069137571385,0.8579049326775999,IMG20190614110024.jpg
2.0,0.24961272283350916,1.8242341242002078,0.23311996645329977,0.886574996424167,0.21118363622498515,1.9935450091706555,0.36430741947098577,0.8362412489303783,0.24091874041036176,1.8641052191820031,0.26055687817634576,0.876074002423975,0.223943465943305,1.9307414744872988,0.30757620494631405,0.8549771793102738,IMG20190614110026.jpg
2.0,0.19644653533533163,2.133206915304396,0.35710524043857383,0.8429109359049026,0.16894691598725398,2.294537474482653,0.5499088135393458,0.7925521378934196,0.18734097080965717,2.195599650738569,0.43008246163714403,0.8262077595932086,0.16636723378148804,2.3111964548840915,0.5764675065508935,0.7869156735851071,IMG20190614110128.jpg
2.0,0.19100731400022128,2.0844396697694907,0.32387489054155727,0.8558786053145031,0.1708727040981563,2.185241346427783,0.41270149801259515,0.8240996991327145,0.20542494192194116,2.0000035281784925,0.2572485444318349,0.8777617660287205,0.17358088517735892,2.1735829251437537,0.40284823864041325,0.8283836980437362,IMG20190614110140.jpg
2.0,0.1482253897268666,2.409655776696154,0.4893973310639979,0.8099648491948646,0.1266089964162777,2.5714843342705467,0.7514711549349137,0.7576975916771224,0.14354314011374442,2.4495869338268546,0.5529265554842846,0.7989895975570336,0.1258271195269575,2.576477404816309,0.7602106158873314,0.7556452635885149,IMG20190614110141.jpg
2.0,0.14658051097606908,2.4419975318335387,0.5145622895622894,0.8041298091818452,0.12471055449708386,2.611534178216494,0.8120562354045352,0.749019603254218,0.14165575681610182,2.4867460192121906,0.5915768243943359,0.7918895143876575,0.12501581081260427,2.6059293149409357,0.795732763660922,0.7503464450617596,IMG20190614110143.jpg
2.0,0.1384351336700684,2.481529985287465,0.5520306853640188,0.7971681234697826,0.11801249363020147,2.6439330363384106,0.8514017045126724,0.7431855391648623,0.13479066384165375,2.5127274921586564,0.6074480682883509,0.7880797441957135,0.1181419332519253,2.6400805879347162,0.8388114629294876,0.7439150402912995,IMG20190614110145.jpg
2.0,0.20501105215095444,2.009007610647748,0.28020868020868006,0.8698368164431516,0.1729864022000316,2.18072897645985,0.438364524317058,0.8194474632538248,0.20751092908507277,1.9986731648963372,0.2746700300981892,0.8731333336635022,0.19233100690942082,2.065831147968499,0.3221188333439776,0.852745326589797,IMG20190614110152.jpg
2.0,0.14297072902800503,2.4911494974573913,0.575605875605876,0.7947251629514075,0.12245170479901075,2.6527782334460093,0.8939929241404546,0.7411407503163149,0.13902559103164322,2.525696276962116,0.642797713031036,0.7849531576999401,0.12242608905645354,2.6515019550001755,0.8875301165230605,0.7412736258874429,IMG20190614110154.jpg
2.0,0.16985172062392664,2.263403399026322,0.41349021349021353,0.833704920727545,0.15036249050475148,2.3841351608330332,0.564028445362634,0.7958419350088214,0.17050391239402923,2.2578654195963956,0.40765005920955233,0.835174509714566,0.14792926980101367,2.402853095562379,0.5974494941781662,0.7901074460603567,IMG20190614110156.jpg
2.0,0.15399123443933058,2.386063206379209,0.513375205041872,0.8106857502732314,0.13517227948794192,2.5176945664450288,0.7335895995293048,0.7676279770510578,0.15306450613589842,2.3938390343109797,0.528558740810184,0.8087044649772092,0.13372556482302447,2.5304830010623456,0.7579546341573283,0.7636766706954804,IMG20190614110158.jpg
2.0,0.13879855003118588,2.530123566150712,0.6581305200572356,0.783296025637385,0.121075454381993,2.6673753253992265,0.9510058278499584,0.7356738037732753,0.13976339391497783,2.518443737788049,0.6290453373786707,0.7860284291340068,0.12223915761855506,2.657340505168229,0.9226459284188594,0.7394073253055071,IMG20190619093705.jpg
2.0,0.13564469434096524,2.5491708345746074,0.6538979622045693,0.7824226218156978,0.11786467815946707,2.6926952714073678,0.9627722905465054,0.733338539318976,0.13606920226323968,2.5437649161718148,0.6400078316744985,0.7835817525123528,0.11944702773862569,2.6768012542982618,0.9179473034508316,0.7386102223999639,IMG20190619093708.jpg
2.0,0.12824902928572277,2.6153661516334443,0.7145590738639167,0.7719132779152672,0.11205117016721713,2.7537014011273753,1.0398884844041996,0.7238759730167701,0.1281400830662885,2.6171763502586005,0.7191280941280942,0.771201247719347,0.11166110949729337,2.758371969598586,1.0559333522771628,0.7226577596701548,IMG20190619093710.jpg
2.0,0.13086265894416024,2.5917540891823614,0.6851050969556421,0.7765055296583322,0.11399085713141005,2.73430342549839,1.007980473663604,0.7276903402292797,0.1305928531525259,2.5960876548979885,0.6939378522711859,0.7753299794845797,0.11413187413715434,2.7329497694231635,1.0042077514816452,0.7282428252914421,IMG20190619093712.jpg
2.0,0.1343901729027805,2.561674650106346,0.6553489046232794,0.7816720729134161,0.11666566827523184,2.707535799056573,0.9717301917430204,0.7319909412178024,0.13408160888793416,2.5650025133461787,0.6597168263834935,0.7806401475149587,0.11771523160365681,2.6978669453327915,0.9436368634572607,0.7354564493099385,IMG20190619093714.jpg
2.0,0.12934556403942288,2.6033805867394615,0.6871157546750877,0.7762556262214226,0.11270347039959962,2.745166561052922,1.0057433123501118,0.7278303132432636,0.12901805226995453,2.607383460274159,0.6944506111172777,0.7750334556307039,0.11264701804410608,2.7462945478911354,1.0113073679462394,0.7276121230209079,IMG20190619093719.jpg
2.0,0.1364752989979737,2.5431967981096104,0.6416397345438399,0.785898767259036,0.11978165329829372,2.6724395902193674,0.8970044993136722,0.7414842901927199,0.13939201116308983,2.5116625515835245,0.5765984015984017,0.7937840919085265,0.12066774779614091,2.663699756046132,0.8735567285920078,0.7444111958536558,IMG20190619093719_2.jpg
2.0,0.12318621575585613,2.6579979118958694,0.7368181649972865,0.7683563141738908,0.10744417262914249,2.7988815025651053,1.0764556280912922,0.7197679827381205,0.12314384874580335,2.659829284255984,0.740701582368249,0.7678001151243805,0.10723916427233768,2.8023568566417865,1.0893374318646931,0.7189881078406536,IMG20190619093722.jpg
2.0,0.13989276067756443,2.511752054947158,0.5805499703952244,0.79553344075182,0.11952164846629583,2.6794441910907474,0.9156691074587161,0.7410387239266806,0.13572509056649382,2.552731602921866,0.655754430754431,0.7844215681726439,0.12056804815133933,2.6677997723739852,0.8845725343480314,0.7446705176093934,IMG20190619093725.jpg
2.0,0.12375482233080402,2.656736621199456,0.734687546257463,0.7691309703297107,0.10796398759197363,2.7973376212019194,1.0711704848972323,0.7207675774432931,0.12412109417200509,2.6544010017631683,0.7280648363981699,0.7697801711881213,0.10803715661273493,2.7974499786277347,1.072147603898727,0.7210984511357315,IMG20190619093729.jpg
2.5,0.08484729756357935,2.7717547166823717,0.8371402042711235,0.7052144430065126,0.07417520317419218,2.891499478548459,1.1469868167782225,0.6500879545143344,0.08821533035120627,2.7365319692776975,0.7671247970308513,0.7196491001387845,0.07423567103333316,2.891001555460446,1.1444164665243861,0.6503794405285407,2.5_j.jpg
2.5,0.17955866873029946,2.0967867629893466,0.2279587696254364,0.8879912153931759,0.1550774474015361,2.2316990925625566,0.3138344562334298,0.8499176429825789,0.187653612209282,2.047501568606819,0.20120485271623825,0.9000366232124665,0.16711157061126888,2.160718489389765,0.2655458954368511,0.8698491845795924,IMG20190614125636.jpg
2.5,0.22142409492119453,1.879851231928405,0.22078292078292078,0.8912542141953906,0.18555189178928985,2.0453203696448283,0.333875731566559,0.8429939616031754,0.20827840688144944,1.9419586602870333,0.25960921695366845,0.8750589756836722,0.18858535980120686,2.0285957986669274,0.32023895141278086,0.84799532723164,IMG20190614125727.jpg
2.5,0.09320455040176333,2.7285588451470226,0.613294045707964,0.7581838231137242,0.07258628260184134,2.970876774131568,1.0989503584774551,0.6689035649572028,0.08574744491938832,2.809608590163546,0.740115579197371,0.7302892608659922,0.07616702639698358,2.9293587355602444,0.9913691393658475,0.6869764701063696,2.5_y.jpg
2.5,0.0922640317550294,2.8445997779785954,0.7205081955081954,0.7603484952685375,0.07819043129139516,3.0024603059955184,1.045113155440288,0.706158760169949,0.09228467383078015,2.8290603438002764,0.6787594981990429,0.7628118197073649,0.07906184242074712,2.985122546376519,0.9958271125686133,0.7109251669067165,IMG20190614125345.jpg
2.5,0.0846175050308314,2.9530039153017826,0.8705677039010369,0.7388091785888201,0.07434624517496707,3.0673317445655037,1.1225218370824526,0.6965517372640134,0.08933807021536673,2.8713403826757187,0.6852228992944193,0.7598508436457425,0.07361283069728233,3.0803376195031515,1.166468126699044,0.6926754775555878,IMG20190614125346.jpg
2.5,0.08666927292863601,2.9234939925908177,0.8508886175552843,0.7412228315606165,0.07621249833791312,3.0377534550982355,1.0985060600198508,0.6989718237267202,0.09121409736940138,2.8444244874309232,0.6719420733211628,0.7614951315192275,0.07545158539921705,3.0488734995733338,1.1330939746590805,0.6952958520485806,IMG20190614125357.jpg
2.5,0.08639134207980999,2.9271793618553463,0.8477318977318976,0.7410862136864789,0.07477848070922546,3.059679560350174,1.1513389800753493,0.6930535193017949,0.08992620442912504,2.8624646632344457,0.6976757166822913,0.7574905050903264,0.07565032055257741,3.0471810842789706,1.1150347051565779,0.6972325325907569,IMG20190614125358.jpg
2.5,0.13362995940162592,2.4235845080883776,0.3729218312551646,0.834550415981034,0.11768312397695593,2.541787492553014,0.4894144413066797,0.7980357893552625,0.13320146535993277,2.428915726134166,0.378794037104653,0.8336581879531166,0.11231275848961517,2.5875609004703626,0.5485040699922034,0.7838576802331849,IMG20190614125405.jpg
2.5,0.09771038585641681,2.7946690715248796,0.7185188268521601,0.7644010147411356,0.08534705288026992,2.91245702699328,0.9321335780604536,0.721848588471235,0.10421453982434278,2.698913241628519,0.5426583238762522,0.7885302608571977,0.08668347846447347,2.8980164412094305,0.9010441011723884,0.7269171520931513,IMG20190614125407.jpg
2.5,0.09114969939910944,2.8808177772045878,0.8104016354016352,0.7492833930208943,0.07940970734129144,3.0024765029085927,1.0637253132442355,0.7045672398076864,0.09647928346831378,2.7929798813369344,0.6239496472097502,0.771421970978437,0.08045666826860569,2.990984744935163,1.0364085585381284,0.7089119663907236,IMG20190614125408.jpg
2.5,0.08462215988694138,2.9382527037519126,0.8416059249392582,0.7387050352412158,0.07269746077064274,3.082642588644049,1.1894518661677087,0.6870918115531377,0.08625638796819914,2.9042452855624155,0.7615307519613166,0.7471664459166044,0.07307845280964838,3.074396716676312,1.1598180405107927,0.6895007282645863,IMG20190614125410.jpg
2.5,0.08189886061425015,2.9724742838495053,0.8838556505223172,0.7318596437833458,0.07084637274620223,3.1112263698755394,1.233303128107491,0.6821026042968518,0.08368223872869882,2.9378890738041483,0.7993715152711306,0.7409063522233167,0.07045645122760229,3.114133941767527,1.239366387538293,0.6804381669362588,IMG20190614125412.jpg
2.5,0.08167190292911275,2.9806579158188446,0.9035208618541952,0.73091382145072,0.0706861721584312,3.1163012410545137,1.244149858646331,0.6816773662352306,0.08401044975992605,2.9336721237036323,0.7842909656091186,0.7428425256318428,0.07061676170383634,3.115376135547262,1.239280615804028,0.6815698939827735,IMG20190614125414.jpg
2.5,0.0849938759830103,2.9488176801149626,0.8783241449908115,0.7369414607996075,0.07396497022413454,3.0758198069216554,1.1766382478377357,0.6904941348671694,0.0888325976681765,2.879559340102143,0.7138436251048502,0.7547456983520037,0.07412397797389134,3.072470873398914,1.1646986990155692,0.6914272420779459,IMG20190614125416.jpg
2.5,0.0987105668684686,2.7864751563451904,0.7161076577743244,0.7660254531347312,0.08779037547406188,2.884734074039379,0.88037280468326,0.7299303769438488,0.10674260273973843,2.6751912368014796,0.5169394829032418,0.7944047795231329,0.08692170728294443,2.8974191012276105,0.9136213844360096,0.7261091101116356,IMG20190614125419.jpg
2.5,0.0969748688536485,2.8089183445940304,0.7338399255065922,0.7632962173745934,0.08472084501515662,2.9269966200324578,0.9519335818245379,0.7208080818411322,0.10417939018628379,2.7063438459865448,0.5448015863225932,0.789370323302808,0.0866480885557225,2.907311756277653,0.9116662208387671,0.727909496472227,IMG20190614125421.jpg
2.5,0.1137785171870325,2.6221525067699636,0.5347899014565679,0.7989238307850675,0.09597332551099187,2.7766272265479532,0.7622543280016022,0.7473643703330906,0.1203973583596898,2.539989186121562,0.42341367740662156,0.819008328034389,0.10558428303372819,2.6767355961911288,0.5927869673860697,0.7783651096400414,IMG20190614125424.jpg
2.5,0.15228165586333134,2.3068732896919495,0.34986803320136667,0.8449153656016402,0.1417130270394157,2.359299654366333,0.3888859578404157,0.8264270124889677,0.17137538841718483,2.1778269419087275,0.2530036512557359,0.8782207021556336,0.1353695417934736,2.4158389911785902,0.4499480278826013,0.8110203295895481,IMG20190614125456.jpg
2.5,0.1265692804484311,2.489883070536061,0.47327487327487333,0.8142363095123274,0.110272999845815,2.6060237683089915,0.6095849604509002,0.7745596575540172,0.13925466418165028,2.3682715903003775,0.3392189273202743,0.8447960543667562,0.11581611218578956,2.5584306619849193,0.5426789968162644,0.7897473459500399,IMG20190614125459.jpg
2.5,0.1274288408278133,2.4932090970548644,0.42942366275699617,0.819196373398485,0.11052299323428175,2.6242326596040924,0.5804432424060391,0.7770262474560103,0.12970112529922273,2.470281825404938,0.4049634257660236,0.8252923409388482,0.10901385177051816,2.635856707566121,0.5958297042325266,0.7729858745200405,IMG20190614125501.jpg
2.5,0.12401134439820548,2.5403479342827167,0.511003811003811,0.8048130054917385,0.11158258839324019,2.6244181519226695,0.6083502177151946,0.7745745579628538,0.13488851358936324,2.437420410594537,0.38659982977253665,0.8317736344306685,0.10915780434943201,2.6574297902195574,0.669742107843455,0.7659772668503756,IMG20190614125504.jpg
2.5,0.10915328298445173,2.677195970504279,0.6216647549980878,0.7805376514275457,0.09475337385730684,2.800926923479592,0.8191444362066558,0.7365085579355479,0.11419728941039305,2.604387027613302,0.4988993807667639,0.7981975653135385,0.09608082043256556,2.7873381154018766,0.7910467884810413,0.7410978657780538,IMG20190614125506.jpg
2.5,0.10651266637569941,2.6966730358828586,0.6014929514929517,0.7797246659282857,0.08932455883645289,2.8662578836364907,0.9044117216022288,0.7225211387026845,0.10432764289891858,2.710079044215924,0.6174591084028224,0.7748753725125874,0.09112472704100111,2.8421842387080387,0.8481815621007415,0.730012141041081,IMG20190614125508.jpg
2.5,0.13307780167721145,2.441985942730124,0.4333083583083583,0.8247280237031369,0.1148672373380313,2.5651411981105707,0.566263755487617,0.7833239796096831,0.14444660024852649,2.3331126785470104,0.3208701337149058,0.8514583958006764,0.12223149808105781,2.5091353701400116,0.49686300680527745,0.8015745044104093,IMG20190614125510.jpg
2.5,0.1284983464968551,2.469907528276952,0.4444570861237528,0.8196703495881477,0.10943042958191976,2.609754554478445,0.607702301736939,0.7730660498882965,0.1385552761858618,2.3714537505932585,0.3399969778457592,0.8441763934785097,0.11980291945685091,2.5216515324869677,0.49120700884652135,0.8008504711315713,IMG20190614125512.jpg
2.5,0.12496121763475806,2.489751017275095,0.435100085100085,0.8164758750505361,0.11234940187611789,2.5793923703038892,0.5306024600444103,0.7859410465379599,0.12997697393790156,2.445980669600214,0.38990939704939065,0.82839572713885,0.1061702989193121,2.6422558446569955,0.6208688800093549,0.7670512864656922,IMG20190614125514.jpg
2.5,0.1292141816199188,2.495571525979289,0.48565508565508575,0.8123348783801273,0.11353726667753429,2.602378468347828,0.6085526143255456,0.7752023178118335,0.1411111894064332,2.3805022266341016,0.35180774164898576,0.8411491075839269,0.1169464441584765,2.5806786268849065,0.5832962324302927,0.7834005747743444,IMG20190614125516.jpg
2.5,0.14784017237064187,2.323260521279406,0.3169743836410502,0.8528692864590302,0.11783680234357986,2.537019852039368,0.5213150472932385,0.7881525952989556,0.14063276540149064,2.366272730505518,0.34972091330734695,0.8405835446617966,0.13240388281202792,2.41545031752104,0.3893148165117376,0.824024598231292,IMG20190614125547.jpg
2.5,0.11678630585860694,2.5952318404433727,0.5113747363747365,0.8020270597985532,0.09927637427499947,2.738636920883886,0.7044707128093914,0.7533980666675077,0.12295757165749276,2.51896836105231,0.41320095475403384,0.8203980930077232,0.10499422865269545,2.682623815317908,0.6139158159684137,0.7713792051791521,IMG20190614125549.jpg
2.5,0.12374596841927347,2.532621920428267,0.4785513868847202,0.8090946517334151,0.10613533290843546,2.6667088123344422,0.6450861280880522,0.7635914349101536,0.13018806970233565,2.4562479384077576,0.38718914984950903,0.827557962345225,0.11057393921968944,2.6251485272505093,0.5822172980607877,0.7768197575283563,IMG20190614125551.jpg
2.5,0.1338682734369712,2.4316646029073,0.40494998828332174,0.8281696569916784,0.1136519006255028,2.575538040768874,0.5598654309366302,0.7812156110416683,0.1410808053681481,2.357013653215747,0.3317517392806041,0.8461270905024262,0.12162097712036855,2.5058135335701786,0.47177909397280793,0.8023512731825,IMG20190614125554.jpg
2.5,0.1262527761238361,2.474614406477115,0.45091297591297597,0.811689954484072,0.1145149194917335,2.558013682182937,0.543046457735361,0.7829560874461452,0.1305196572405795,2.435933054875423,0.4083867864015396,0.8220637681129601,0.10629879784967343,2.6324868606102005,0.6542791302252494,0.7590991156972369,IMG20190614125626.jpg
2.5,0.1312056172094076,2.44326601988143,0.4481231731231731,0.8163708713459844,0.11398154805669994,2.561581644006309,0.5832746352310174,0.7754604475602096,0.1423923075882224,2.3398000265266576,0.34099336359599347,0.8423767994222825,0.11888809243533631,2.5216103560854553,0.5288808547307585,0.7885209005157688,IMG20190614125629.jpg
2.5,0.12421220104239757,2.5021410989528916,0.4786367953034619,0.8079389292888535,0.1070485884906207,2.630815007063353,0.6406580851738002,0.7635276579999819,0.13123329692893843,2.4267915145347376,0.39028346573247163,0.8264741684358259,0.1110345270252963,2.594204049241966,0.5838830591877417,0.7753782010485024,IMG20190614125631.jpg
2.5,0.13983390739569218,2.3823321416491186,0.40632947299613975,0.8289835660031739,0.12674286471787433,2.4604031811373273,0.4785516671340919,0.8018348103945965,0.15723870700074666,2.24658173810778,0.28590781812799143,0.8635219833603741,0.12478020833689218,2.4779099562325038,0.5006150573822157,0.7968598366787252,IMG20190614125633.jpg
2.5,0.14791245307588521,2.3140205670498006,0.37513196679863353,0.8379327771854174,0.13262890502182795,2.4023443870521675,0.4543412067465948,0.8080481344074137,0.17101583587312089,2.152196014291184,0.24822155474416546,0.8791690718221692,0.1371602909358493,2.3747978058787824,0.4264879159042083,0.817361702017779,IMG20190614125639.jpg
2.5,0.1401411159831135,2.3679092779323536,0.3920046003379336,0.8303565508505172,0.12962939356965061,2.42914717465329,0.4458822008533362,0.8088381734308613,0.15396475959936812,2.264780421709254,0.3020865199585533,0.8574333242278926,0.12160202294618663,2.4934277871898947,0.5221412944312238,0.7893104462262671,IMG20190614125641.jpg
2.5,0.11224677650283933,2.6066647763974795,0.5521197937864607,0.7892640856072232,0.09663710222273755,2.740306758546283,0.752808330101467,0.7426148593057998,0.11673222719465863,2.550531077749931,0.4736983149948191,0.8033374241278045,0.09901573475067407,2.71380173024219,0.7012052162789814,0.7509562933952624,IMG20190614125643.jpg
2.5,0.15306963155234216,2.252920317266069,0.35287521120854476,0.840937649644286,0.13174640851727829,2.380793258527275,0.4737200651248119,0.7983526769588719,0.15688788493883304,2.2194026967750777,0.3231941086495288,0.8490474501379435,0.13411850827988064,2.3630244034535077,0.45313330624427484,0.8040300513605422,IMG20190614125655.jpg
2.5,0.15547551060984635,2.2617639078476692,0.3625282125282125,0.8379719317954613,0.13704939312251893,2.3681313109564077,0.46171942708183883,0.8019387425303736,0.16395641773875383,2.199851416262337,0.3095419894409632,0.8539865635954578,0.13734554356377413,2.3665096522278057,0.45971397286342763,0.8026823977886116,IMG20190614125658.jpg
2.5,0.14599866913600495,2.329331520183464,0.42293601460268127,0.8220647171544608,0.13021392449103344,2.4226517031385555,0.5207927036021966,0.7887785785389827,0.15427152448764886,2.2598840086874543,0.35037499383233833,0.8397848574471977,0.12799823015741874,2.4402636668750355,0.5443512371030016,0.7832853927499811,IMG20190614125701.jpg
2.5,0.1720462413562009,2.1446189681335053,0.2658508158508158,0.8713785770120611,0.14300105303579808,2.311752204837166,0.39267688337604945,0.8210018484968489,0.16767692491419667,2.1669930719730215,0.28071032959984216,0.8652426124710413,0.14977582811755608,2.265729020096184,0.3523940958193684,0.8347581633926576,IMG20190614125704.jpg
2.5,0.16583316024480305,2.1606370556868892,0.299443457776791,0.858200791025075,0.14193704083776176,2.298774883414313,0.4139513587877923,0.8149833783724284,0.16155784959196742,2.185184769981565,0.31820632061972665,0.8514591908987862,0.1391557224653607,2.3147064494099303,0.43014617293000884,0.8095867528271403,IMG20190614125706.jpg
2.5,0.15488697061776235,2.237445642259205,0.34166234999568346,0.8437205240334955,0.13300604662407703,2.3700351003009,0.4650284265422172,0.8004677735364829,0.15471404638104944,2.2339937482006933,0.33820835594809295,0.8441061295784982,0.13258741667595517,2.3710217683104564,0.46586423815416744,0.7997863733931349,IMG20190614125709.jpg
2.5,0.1495498645459178,2.298283732861014,0.39202587535920885,0.8287114103479113,0.13094575106237802,2.413486802859435,0.5119819718921708,0.7896415892718195,0.1511598645542001,2.2802243268510898,0.3728666058124044,0.8328440568577643,0.12811478567764037,2.432220557322766,0.5358774217016683,0.7830887249798317,IMG20190614125712.jpg
2.5,0.14251293781703703,2.3413404756420944,0.40723011556344885,0.8238543530361027,0.12381724082986116,2.4634963418414833,0.5406081339371909,0.7821867395953349,0.14401204913466198,2.3240529572596333,0.38843501751615933,0.8279088114073957,0.12242030128237624,2.4733494447232873,0.553283838723223,0.7788178261045484,IMG20190614125715.jpg
2.5,0.1433621438558219,2.333384759145196,0.41408961408961403,0.8244592639072277,0.12825145716254444,2.423261744440005,0.5044917546521136,0.7925145946585024,0.15350840368250646,2.2528959285978365,0.33448493857008943,0.8452620222238991,0.12557720123555313,2.444945262865875,0.5330426350310892,0.785894432643102,IMG20190614125718.jpg
2.5,0.14994999128257833,2.307780776042419,0.4134159050825718,0.8241480362061054,0.13664232296681283,2.3824120942050677,0.48694433877243365,0.7972896484574407,0.15874307045977848,2.2399323917490577,0.34492123895988547,0.8419437769632865,0.12956764441626337,2.434006704814893,0.5547212866006966,0.7805299745389547,IMG20190614125721.jpg
2.5,0.17799969450962483,2.1142358321850447,0.28690445357112015,0.8633230977725701,0.15143556393046195,2.2596190460678818,0.4046056335985777,0.8180631982843053,0.17613806054395753,2.1247667906063383,0.2944990625154191,0.8605220507023094,0.15300090347077486,2.249635002477493,0.39476841786014355,0.8212762081758043,IMG20190614125730.jpg
2.5,0.1683274299512896,2.1728920882359715,0.35419148752482066,0.8415133063851014,0.14705308919716487,2.290306434913093,0.46808103639405746,0.8021808729502197,0.17192387175149396,2.1468516583699357,0.3302795184289732,0.8481830063002802,0.1451959826019564,2.3025845844164516,0.48299482808783617,0.7983242090399769,IMG20190614125737.jpg
2.5,0.16416213805713706,2.1970479391636557,0.35528977195643846,0.8419005103726072,0.14400142485528802,2.3077606577873033,0.4591524456822727,0.8045113910555557,0.17848611506921225,2.1049643993181997,0.27981200967089365,0.8660533378268888,0.14853903642891034,2.2789475402315666,0.4266060834373855,0.8139949624453263,IMG20190614125740.jpg
2.5,0.12712131563184517,2.5018203502145235,0.5690404968668277,0.7867609541888445,0.10951823172065389,2.6457001025266242,0.8303737457040856,0.7364665900718058,0.12354578121000487,2.537994285360883,0.6358499525166191,0.7762819716265985,0.10962734329092062,2.646618216657553,0.8347879047045182,0.7365093276491804,IMG20190619093424.jpg
2.5,0.12229753226292522,2.5501943507548703,0.637590356244141,0.7759044259849301,0.10778207345637929,2.6666218323848287,0.8534083928567575,0.7333617341653612,0.12427819225263545,2.5303515688481824,0.5995526078859411,0.7813364446629908,0.1078051637408444,2.668320296342025,0.8617165268865078,0.7331340117862026,IMG20190619093439.jpg
2.5,0.12776408887966836,2.5002647496127346,0.5858088271574484,0.7853516129252075,0.11192733416640073,2.6226080931887794,0.7975216288237452,0.7414897663563633,0.12874516301081507,2.49135269206686,0.5707604124270786,0.7877323613153175,0.1121793820791844,2.6217027486177704,0.7976903955095106,0.7420918871509369,IMG20190619093442.jpg
2.5,0.12427083453013683,2.5294135416072807,0.6123535180342429,0.780266422859962,0.10950569707507235,2.645753019804048,0.8189414225334689,0.7380553558940913,0.12574253764638993,2.515670542194501,0.5876792960126295,0.7839968939915782,0.10891667130515872,2.6535397063452355,0.8415015483649217,0.7357806015980125,IMG20190619093445.jpg
2.5,0.1244526282990709,2.531251120435177,0.6165052795184292,0.7795424410296562,0.10898509554584691,2.6541477256617694,0.8395269472883332,0.7349494175309568,0.12590770480104385,2.516880879323398,0.5895884979218309,0.7834404847473864,0.10968022224606634,2.6493504494915983,0.8315113010430523,0.7370549223040843,IMG20190619093448.jpg
2.5,0.12458470163574459,2.5238667247990683,0.6071726821927269,0.7810292518844624,0.10919048306502642,2.6460323082306525,0.8266840184736273,0.7368957755374019,0.1258357879784395,2.5114461293286445,0.5847072680406017,0.7843570506148954,0.10963931698151974,2.6429344627924434,0.8213714159833464,0.7381975553631224,IMG20190619093451.jpg
2.5,0.1266806346132975,2.5039519423427623,0.5919018601667736,0.7837677203143821,0.11120413441512812,2.6245200187008715,0.8013310662444724,0.7402925035049331,0.12823522252590616,2.489207011040621,0.5659217325883994,0.7877442281846508,0.1118579672195238,2.6197649020966853,0.7924996629294258,0.742228624940016,IMG20190619093454.jpg
2.5,0.12005471171852188,2.5400545650487945,0.6199866161740761,0.7784268563578449,0.10571789829158719,2.6539988983568055,0.8189722756752899,0.7364566244164379,0.12282222267603146,2.5109369764326597,0.5660123826790492,0.7863588745941317,0.10595630527072415,2.652914960301519,0.8188991537291729,0.7370841300864283,IMG20190619093458.jpg
2.5,0.11868944777523273,2.5749294814573345,0.6420335397444122,0.7744155162620402,0.10422818745670508,2.6950635285708233,0.8668702356964063,0.7306918561636342,0.12017236963321229,2.559671748125832,0.6124902874902876,0.7785803811746308,0.10416004332978088,2.6973615631873593,0.875647028950429,0.7302471473613996,IMG20190619093501.jpg
2.5,0.13384206284598238,2.4478328646779994,0.5278658040163814,0.7969471774711778,0.11624190768012495,2.583339569702791,0.7507137103031906,0.7505932033102537,0.13038320953440818,2.4801765835167995,0.5818212651545988,0.7876616763932,0.11581071882835635,2.588209697430104,0.7618220754846797,0.7490396756381741,IMG20190619093511.jpg
